S No,Cargo Code,Cargo Description,Cargo Category Name,Cargo Short Name,Cargo Sub Category Name,Cargo Type Name,HS Code,Principal Commodity Name,SoR No. Code,Status,DSCHRG_RATE_PR_DAY,LD_RATE_PR_DAY
1,86072100,PARTS OF RAILWAY -AIR BRAKES,BREAK BULK,MACH,GENERAL CARGO,Packaged,86072100,Other Misc. Cargo,3.1.1.23,ACTIVE,1000,1000
2,C06029090,COCONUT &  GRASS-,BREAK BULK,GENL,GENERAL CARGO,Packaged,06029090,Other Misc. Cargo,3.1.1.37.B,ACTIVE,900,900
3,C07133110,BLACK MATPE,BREAK BULK,PULSES,GENERAL CARGO,Packaged,07133110,Other Misc. Cargo,3.1.1.16,ACTIVE,1200,1200
4,C07136000,TUR  TOOR WHOLE,BREAK BULK,PULSES,GENERAL CARGO,Packaged,07136000,Other Misc. Cargo,3.1.1.16,ACTIVE,1200,1200
5,C10063090,INDIAN WHITE RICE,DRY BULK,RICEJB,FOOD GRAINS IN BREAK BULK,Packaged,10063090,Other Misc. Cargo,3.1.1.16,ACTIVE,10000,10000
6,C15111000,CRUDE PALM OIL,LIQUID BULK,CPOIL,EDIBLE OIL,Liquid Bulk,15111000,Other Liquids,3.1.1.11,ACTIVE,2700,2700
7,C15131900,COCONUT OIL,LIQUID BULK,EDOTHER,EDIBLE OIL,Liquid Bulk,15131900,Other Misc. Cargo,3.1.1.11,ACTIVE,2700,2700
8,C15180039,USED COOKING OIL NOT FOR HUMAN CONSUM,LIQUID BULK,UCKOIL,OTHER LIQUED CARGO,Liquid Bulk,15180039,Other Liquids,3.1.1.11,ACTIVE,2700,2700
9,C15180040,VEG OIL & FATS,LIQUID BULK,VEGOIL,EDIBLE OIL,Liquid Bulk,15180040,Other Liquids,3.1.1.11,ACTIVE,2700,2700
10,C25010010,SALT- COMMON,DRY BULK,SALT,OTHER DRY BULK CARGO,Dry Bulk,25010010,Other Misc. Cargo,3.1.1.32,ACTIVE,6700,900
11,C25010090,SALT - OTHER,DRY BULK,SALT,OTHER DRY BULK CARGO,Dry Bulk,25010090,Other Misc. Cargo,3.1.1.32,ACTIVE,6700,900
12,C25030010,SULPHUR,DRY BULK,SULPHUR,CHEMICALS IN DRY BULK,Dry Bulk,25030010,Fertilizers Raw,3.1.1.20,ACTIVE,6000,6000
13,C25051011,SILICA SAND - PROCESSED WHITE,DRY BULK,SICA,ORES AND MINARALS,Dry Bulk,25051011,Other Misc. Cargo,3.1.1.18,ACTIVE,10000,10000
14,C25051012,SILICA SAND (BROWN),BREAK BULK,SAND,ORES AND MINARALS,Dry Bulk,25051012,Other Misc. Cargo,3.1.1.18,ACTIVE,10000,10000
15,C25051019,SILICA SAND -  OTHER,DRY BULK,SICA,ORES AND MINARALS,Dry Bulk,25051019,Other Misc. Cargo,3.1.1.18,ACTIVE,10000,10000
16,C25070029,CALCINED KAOLIN,BREAK BULK,OTHBLK,GENERAL CARGO,Packaged,25070029,Other Misc. Cargo,3.1.1.37.B,ACTIVE,1000,1000
17,C25081010,BENTONITE CLAY,DRY BULK,BENT,ORES AND MINARALS,Dry Bulk,25081010,Other Misc. Cargo,3.1.1.28,ACTIVE,12200,12200
18,C25081090,BENTONITE,BREAK BULK,BENTONITE,ORES AND MINARALS,,25081090,Other Misc. Cargo,3.1.1.28,ACTIVE,12200,12200
19,C25086000,SINTERED MULLITE,BREAK BULK,MULLIATE,ORES AND MINARALS,Packaged,25086000,Other Misc. Cargo,3.1.1.37.B,ACTIVE,10000,10000
20,C25111020,BARYTES POWDER IN JUMBO BAGS,DRY BULK,BARTJB,ORES AND MINARALS,Packaged,25111020,Other Misc. Cargo,3.1.1.28,ACTIVE,1200,1200
21,C25161100,COBBLE STONES,DRY BULK,CSTONE,ORES AND MINARALS,Dry Bulk,25161100,Other Misc. Cargo,3.1.1.28,ACTIVE,6100,6100
22,C25161100G,GRANITE BLOCK,BREAK BULK,GBLOCK,STONES IN BULK,Packaged,25161100G,Other Misc. Cargo,3.1.1.21,ACTIVE,3000,3000
23,C25171090,12MM STONE DUST,DRY BULK,STONEOTH,CONSTRUCTION MATERIALS,Dry Bulk,25171090,Other Misc. Cargo,3.1.1.18,ACTIVE,10000,10000
24,C25181000,DOLOMITE,DRY BULK,DOLM,ORES AND MINARALS,Dry Bulk,25181000,Other Misc. Cargo,3.1.1.28,ACTIVE,12200,12200
25,C25199010,FUSED MAGNESIA,BREAK BULK,MAGNESIA,ORES AND MINARALS,Packaged,25199010,Other Misc. Cargo,3.1.1.37.B,ACTIVE,10000,10000
26,C25199020,DEAD BURNT MAGNESIA,BREAK BULK,MAGN,ORES AND MINARALS,Packaged,25199020,Other Misc. Cargo,3.1.1.37.B,ACTIVE,10000,10000
27,C25199030,Magnesium calcined (other than dead-burnt),BREAK BULK,MAGNESIA,GENERAL CARGO,Packaged,25199030,Other Misc. Cargo,3.1.1.37.B,ACTIVE,1000,1000
28,C25199040,CAUSTIC CALCINED MAGNESITE,BREAK BULK,MAGNESIA,OTHER DRY BULK CARGO,Packaged,25199040,Other Misc. Cargo,3.1.1.37.B,ACTIVE,1000,1000
29,C25199090,CAUSTIC CALCINED MAGNESIA,BREAK BULK,MAGNESIA,CHEMICALS,Packaged,25199090,Other Misc. Cargo,3.1.1.37.B,ACTIVE,1000,1000
30,C25201010,NATURAL GYPSUM,DRY BULK,GYPSUM,OTHER DRY BULK CARGO,Dry Bulk,25201010,Other Misc. Cargo,3.1.1.28,ACTIVE,10000,10000
31,C25210090,LIMESTONE POWDER,BREAK BULK,LIMEJB,ORES AND MINARALS,Packaged,25210090,Other Misc. Cargo,3.1.1.28,ACTIVE,12200,12200
32,C25232910,CEMENT,BREAK BULK,CEMENT,CEMENET IN DRY BULK,Packaged,25232910,Other Misc. Cargo,3.1.1.18,ACTIVE,0,1000
33,C25291020,FELDSPAR - POWDER,DRY BULK,FELS,ORES AND MINERALS,Dry Bulk,25291020,Other Misc. Cargo,3.1.1.28,ACTIVE,5500,5500
34,C25292200,ACID GRADE FLUORSPAR POWDER,BREAK BULK,FLOU,ORES AND MINARALS,Dry Bulk,25292200,Other Misc. Cargo,3.1.1.28,ACTIVE,12200,12200
35,C26011210,IRON ORE PELLETS,DRY BULK,IOP,IRON ORE,Dry Bulk,26011210,Iron Ore Including Pellets,3.1.1.27,ACTIVE,12400,12400
36,C26060020,CALCINED BAUXITE 76,DRY BULK,BAUX,ORES AND MINARALS,Dry Bulk,26060020,Other Misc. Cargo,3.1.1.28,ACTIVE,12200,12200
37,C26060090,LATERITE,DRY BULK,LATERITE,ORES AND MINARALS,Dry Bulk,26060090,Other Misc. Cargo,,ACTIVE,12500,12500
38,C27040010,COKE AND SEMI-COKE OF COAL,BREAK BULK,CCOAL,COAL AND COAK,Packaged,27040010,Other Misc. Cargo,3.1.1.37.B,ACTIVE,10000,10000
39,C27040020,SEMI COKE,BREAK BULK,CCOAL,COAL AND COAK,Packaged,27040020,Coking Coal & Others,3.1.1.37.B,ACTIVE,10000,10000
40,C27040090,LOW ASH METALLURGICAL COKE -JUMBO BAGS,BREAK BULK,MCOKE JB,COAL AND COAK,Packaged,27040090,Other Misc. Cargo,3.1.1.37.B,ACTIVE,10000,10000
41,C27101972,ENGINE OIL 13656,LIQUID BULK,OLC,LUBICANT OIL,Liquid Bulk,27101972,Other Liquids,3.1.1.7,ACTIVE,2000,2100
42,C27101975,INDUSTRIAL GEAR OIL,LIQUID BULK,OLC,LUBICANT OIL,Liquid Bulk,27101975,Other Liquids,3.1.1.7,ACTIVE,2000,2100
43,C27101979,LUBE OIL,BREAK BULK,LOIL,LUBICANT OIL,Liquid Bulk,27101979,Other Misc. Cargo,3.1.1.7,ACTIVE,2000,2000
44,C27101981,Lube Oil,LIQUID BULK,LOIL,LUBICANT OIL,Liquid Bulk,27101981,Other Misc. Cargo,3.1.1.7,ACTIVE,2000,2000
45,C27101990,SLUDGE /WASTE/SLOP OIL,LIQUID BULK,SLOP,PETROLEUM PRODUCTS,Liquid Bulk,27101990,Petroleum Products,3.1.1.13,ACTIVE,2000,2000
46,C27132000,PETROLEUM BITUMEN,LIQUID BULK,BITU,PETROLEUM PRODUCTS,Liquid Bulk,27132000,Other Liquids,3.1.1.7,ACTIVE,2000,2000
47,C28112200,MICROSILICA,DRY BULK,SICA,ORES AND MINARALS,Dry Bulk,28112200,Other Misc. Cargo,3.1.1.28,ACTIVE,12200,12200
48,C28352610,MONODICALCIUM PHOSPHATE (FEED GRADE),BREAK BULK,POSPINAT,OTHER DRY BULK CARGO,Packaged,28352610,Other Misc. Cargo,3.1.1.37.B,ACTIVE,1000,1000
49,C28362010,Disodium carbonate,BREAK BULK,SODA,ORES AND MINARALS,Packaged,28362010,Other Misc. Cargo,3.1.1.37.B,ACTIVE,10000,10000
50,C28429090,Inorganic acid salt,BREAK BULK,,GENERAL CARGO,Packaged,28429090,Other Misc. Cargo,3.1.1.37.B,ACTIVE,1000,1000
51,C29151210,SODIUM FORMATEM 98% MIN,BREAK BULK,FORMACID,FERTILIZER IN DRY BULK - FINISHED,Packaged,29151210,Other Misc. Cargo,3.1.1.37.B,ACTIVE,1000,1000
52,C29336100,MELAMINE,BREAK BULK,MELAMINE,CHEMICALS,Packaged,29336100,Other Misc. Cargo,3.1.1.37.B,ACTIVE,1000,1000
53,C31021090,PRILLED UREA,DRY BULK,UREA,FERTILIZER IN DRY BULK - FINISHED,Dry Bulk,31021090,Other Misc. Cargo,3.1.1.20,ACTIVE,6000,6000
54,C31026000,BORONATED CALCIUM NITRATE,DRY BULK,CALCNITR,FERTILIZER IN DRY BULK - FINISHED,Dry Bulk,31026000,Fertilizers Finished,3.1.1.20,ACTIVE,6000,6000
55,C31043000,Potassium Sulphate Powder - SOP (00-00-50),DRY BULK,POTA,FERTILIZER IN DRY BULK - FINISHED,Dry Bulk,31043000,Other Misc. Cargo,3.1.1.20,ACTIVE,6000,6000
56,C31056000,MONO POTASSIUM PHOSPHATE,DRY BULK,POTA,FERTILIZER IN DRY BULK - FINISHED,Dry Bulk,31056000,Fertilizers Finished,3.1.1.20,ACTIVE,6000,6000
57,C34039900,BIO HYDRAULIC OIL,LIQUID BULK,OLC,OTHER LIQUED CARGO,Liquid Bulk,34039900,Other Liquids,,ACTIVE,2000,2100
58,C38011000,ARTIFICIAL GRAPHITE,BREAK BULK,GENL,CHEMICALS,Packaged,38011000,Other Misc. Cargo,3.1.1.37.B,ACTIVE,1000,1000
59,C38089340,SUPER HUMATE SHINY FLAKES,BREAK BULK,GENL,GENERAL CARGO,Packaged,38089340,Other Misc. Cargo,3.1.1.37.B,ACTIVE,1000,1000
60,C38151900,STRUCTURES & EQUIPMENT,BREAK BULK,MACHWOW,MACHINERY,Packaged,38151900,Other Misc. Cargo,3.1.1.23,ACTIVE,1000,1000
61,C38160000,AEROCON PASTE,BREAK BULK,GENL,CONSTRUCTION MATERIALS,Packaged,38160000,Other Misc. Cargo,3.1.1.18,ACTIVE,900,900
62,C38249900,CALCIUM CORBONATE CHEM PRD,BREAK BULK,CALCORB,ORES AND MINARALS,Packaged,38249900,Other Misc. Cargo,3.1.1.37.B,ACTIVE,10000,10000
63,C39021000,POLYPROPYLENE PPH-YH40X,BREAK BULK,POLYPLYN,GENERAL CARGO,Packaged,39021000,Other Misc. Cargo,3.1.1.37.B,ACTIVE,1000,1000
64,C39041090,PVC SUSPENSION RESIN GRADE JL-1000L,BREAK BULK,PVC,GENERAL CARGO,Packaged,39041090,Other Misc. Cargo,3.1.1.37.B,ACTIVE,1000,1000
65,C39076190,POLYESTER CHIPS GRADE WK-881 & WK901,BREAK BULK,EDOTHER,GENERAL CARGO,Packaged,39076190,Other Misc. Cargo,3.1.1.37.B,ACTIVE,1000,1000
66,C39076990,POLYESTER CHIPS BOTTLE GRADE-IV,BREAK BULK,GENL,GENERAL CARGO,Packaged,39076990,Other Misc. Cargo,3.1.1.37.B,ACTIVE,1000,1000
67,C39079190,POLYESTER CHIPS,BREAK BULK,GENL,GENERAL CARGO,Packaged,39079190,Other Misc. Cargo,3.1.1.37.B,ACTIVE,1000,1000
68,C39172110,TUBES OF POLYTHYLENE,BREAK BULK,GENL,GENERAL CARGO,Packaged,39172110,Other Misc. Cargo,3.1.1.37.B,ACTIVE,900,900
69,C39251000,SINTEX TANK,BREAK BULK,SINTEX,GENERAL CARGO,Packaged,39251000,Other Misc. Cargo,3.1.1.37.B,ACTIVE,900,900
70,C39269099,POLYURETHANE BAGS,BREAK BULK,GENL,GENERAL CARGO,Packaged,39269099,Other Misc. Cargo,3.1.1.37.B,ACTIVE,1000,1000
71,C40012200,Natural Rubber,BREAK BULK,GENL,GENERAL CARGO,Packaged,40012200,Other Misc. Cargo,3.1.1.37.B,ACTIVE,1000,1000
72,C40051000,RUBBER COMPOUND,BREAK BULK,GENL,GENERAL CARGO,Packaged,40051000,Other Misc. Cargo,3.1.1.37.B,ACTIVE,1000,1000
73,C40101290,CONVEYOR BELT,BREAK BULK,MACHWOW,MACHINERY,Packaged,40101290,Other Misc. Cargo,3.1.1.23,ACTIVE,1000,1000
74,C40122090,Tyres - Used,BREAK BULK,TYRES,GENERAL CARGO,Packaged,40122090,Other Misc. Cargo,3.1.1.37.B,ACTIVE,1000,1000
75,C44111400,MDF BOARD - PLAIN,BREAK BULK,PLYWOOD,GENERAL CARGO,Packaged,44111400,Other Misc. Cargo,3.1.1.36,ACTIVE,900,900
76,C44151000,CABLE DRUM,BREAK BULK,GENL (WOOD),GENERAL CARGO,Packaged,44151000,Other Misc. Cargo,3.1.1.37.B,ACTIVE,900,900
77,C44152000,PALLETS,BREAK BULK,GENL (WOOD),GENERAL CARGO,Packaged,44152000,Other Misc. Cargo,,ACTIVE,900,900
78,C48191010,CARTON BOX,BREAK BULK,OTHBLK,GENERAL CARGO,Packaged,48191010,Other Misc. Cargo,3.1.1.37.B,ACTIVE,1000,1000
79,C56075000,PLEXUS 12S SK78 & COVER MAX,BREAK BULK,MACHWOW,GENERAL CARGO,Packaged,56075000,Other Misc. Cargo,,ACTIVE,1000,1000
80,C56081900,CARGO NET (TEXTILE MATERIAL),BREAK BULK,TEXTILEMAT,GENERAL CARGO,Packaged,56081900,Other Misc. Cargo,3.1.1.37.B,ACTIVE,900,900
81,C63051040,JUTE SACKING BAGS,BREAK BULK,GNYBAG,GENERAL CARGO,Packaged,63051040,Other Misc. Cargo,3.1.1.37.B,ACTIVE,1000,1000
82,C63053200,Empty Jumbo bags,BREAK BULK,EMTYJB,GENERAL CARGO,Packaged,63053200,Other Misc. Cargo,3.1.1.37.B,ACTIVE,1000,1000
83,C68022390G,GRANITE SLAB,BREAK BULK,GBLOCK,STONES IN BULK,Packaged,68022390,Other Misc. Cargo,3.1.1.21,ACTIVE,10000,10000
84,C68041000,"Shakle (Millstones and grindstones for milling, grinding or pulping)",BREAK BULK,MACH,MACHINERY,Packaged,68041000,Other Misc. Cargo,3.1.1.37.B,ACTIVE,1000,1000
85,C68061000,"RB Matress75  (Slag wool, rock wool and similar mineral wools)",BREAK BULK,OTHBLK,GENERAL CARGO,Packaged,68061000,Other Misc. Cargo,3.1.1.37.B,ACTIVE,1000,1000
86,C68101110,RCC SINKER,BREAK BULK,CEMT,GENERAL CARGO,Packaged,68101110,Other Misc. Cargo,3.1.1.37.B,ACTIVE,1000,1000
87,C68101190,CONCRETE SLAB (cement),BREAK BULK,CONSLAB,GENERAL CARGO,Packaged,68101190,Other Misc. Cargo,3.1.1.37.B,ACTIVE,1000,1000
88,C68109100,ALC PANELS,BREAK BULK,GENL,GENERAL CARGO,Packaged,68109100,Other Misc. Cargo,3.1.1.37.B,ACTIVE,1000,1000
89,C68159990,AEROCON BLOCKS,BREAK BULK,ABLOCK,STONES IN BULK,Packaged,68159990,Other Misc. Cargo,3.1.1.18,ACTIVE,0,800
90,C69010030,TILES,BREAK BULK,TILES,GENERAL CARGO,Packaged,69010030,Other Misc. Cargo,3.1.1.18,ACTIVE,900,900
91,C69021010,Magnesite bricks,BREAK BULK,MAGN,INDUSTRIAL PRODUCTS IN BREAK BULK,Packaged,69021010,Other Misc. Cargo,3.1.1.37.B,ACTIVE,1000,1000
92,C70199000,GLASS FIBRES AND ARTICLES,BREAK BULK,GENL,GENERAL CARGO,Packaged,70199000,Other Misc. Cargo,3.1.1.37.B,ACTIVE,900,900
93,C72022100,FERRO SILICON,DRY BULK,FSLCN,OTHER DRY BULK CARGO,Dry Bulk,72022100,Other Misc. Cargo,3.1.1.28,ACTIVE,12200,12200
94,C72029990,FERRO SILICON BARIUM,DRY BULK,FEROSIL,ORES AND MINARALS,Dry Bulk,72029990,Other Misc. Cargo,3.1.1.28,ACTIVE,12200,12200
95,C72043000,IRON SCRAP,DRY BULK,SCRAP,IRON AND STEEL SCRAP,Dry Bulk,72043000,Other Misc. Cargo,3.1.1.25,ACTIVE,10000,10000
96,C72051011,STEEL SHOTS,BREAK BULK,STEELOTH,IRON AND STEEL CARGO,Packaged,72051011,Other Misc. Cargo,3.1.1.24,ACTIVE,2500,2500
97,C72071190,PRODUCT OF IRON AND STEEL,BREAK BULK,STEELOTH,IRON AND STEEL CARGO,Packaged,72071190,Other Misc. Cargo,3.1.1.24,ACTIVE,2500,2500
98,C72082530,HR STEEL SHEET,BREAK BULK,HRCOIL,IRON AND STEEL CARGO,Packaged,72082530,Other Misc. Cargo,3.1.1.24,ACTIVE,2500,2500
99,C72082540,HOT ROLLED STEEL STRIP IN COILS,BREAK BULK,HRCOIL,IRON AND STEEL CARGO,Packaged,72082540,Other Misc. Cargo,3.1.1.24,ACTIVE,2500,2500
100,C72082590,FLAT-ROLLED STEEL,BREAK BULK,STEELOTH,IRON AND STEEL CARGO,Packaged,72082590,Other Misc. Cargo,3.1.1.24,ACTIVE,2500,2500
101,C72082610,HOT ROLLED PICKLED AND OILED STEEL STRIPS IN COIL,BREAK BULK,STLSHEET,IRON AND STEEL CARGO,Packaged,72082610,Other Misc. Cargo,3.1.1.24,ACTIVE,2500,2500
102,C72082640,HR COIL,BREAK BULK,HRCOIL,IRON AND STEEL CARGO,Packaged,72082640,Other Misc. Cargo,3.1.1.24,ACTIVE,2500,2500
103,C72082690,FLAT-ROLLED STEEL,BREAK BULK,STEELOTH,IRON AND STEEL CARGO,Packaged,72082690,Other Misc. Cargo,3.1.1.24,ACTIVE,2500,2500
104,C72082710,HOT ROLLED PICKLED AND OILED STEEL IN COILS,BREAK BULK,HRCOIL,IRON AND STEEL CARGO,Packaged,72082710,Other Misc. Cargo,3.1.1.24,ACTIVE,2500,2500
105,C72082740,HR STEEL COIL,BREAK BULK,HRCOIL,IRON AND STEEL CARGO,Packaged,72082740,Other Misc. Cargo,3.1.1.24,ACTIVE,2500,2500
106,C72083610,HR COILS,BREAK BULK,HRCOIL,IRON AND STEEL CARGO,Packaged,72083610,Other Misc. Cargo,,ACTIVE,10000,10000
107,C72083630,HR STEEL COILS,BREAK BULK,HRCOIL,IRON AND STEEL CARGO,Packaged,72083630,Other Misc. Cargo,3.1.1.24,ACTIVE,2500,2500
108,C72083640,HOT ROLLED STEEL STRIP IN COILS,BREAK BULK,HRCOIL,IRON AND STEEL CARGO,Packaged,72083640,Other Misc. Cargo,,ACTIVE,10000,10000
109,C72083690,HOT ROLLED STEEL COILS,BREAK BULK,HRCOIL,IRON AND STEEL CARGO,Packaged,72083690,Other Misc. Cargo,3.1.1.24,ACTIVE,2500,2500
110,C72083710,PRIME HOT ROLLED STEEL IN COILS,BREAK BULK,HRCOIL,IRON AND STEEL CARGO,Packaged,72083710,Other Misc. Cargo,3.1.1.24,ACTIVE,2500,2500
111,C72083730,HR STEEL COILS,BREAK BULK,HRCOIL,IRON AND STEEL CARGO,Packaged,72083730,Other Misc. Cargo,3.1.1.24,ACTIVE,2500,2500
112,C72083740,HOT ROLLED STEEL STRIP IN COILS,BREAK BULK,HRCOIL,IRON AND STEEL CARGO,Packaged,72083740,Other Misc. Cargo,,ACTIVE,10000,10000
113,C72083790,HR COILS,BREAK BULK,HRCOIL,IRON AND STEEL CARGO,Packaged,72083790,Other Misc. Cargo,3.1.1.24,ACTIVE,2500,2500
114,C72083810,PRIME HOT ROLLED STEEL IN COILS,BREAK BULK,HRCOIL,IRON AND STEEL CARGO,Packaged,72083810,Other Misc. Cargo,3.1.1.24,ACTIVE,2500,2500
115,C72083830,HOT ROLLED STEEL SHEETS,BREAK BULK,HRCOIL,IRON AND STEEL CARGO,Packaged,72083830,Other Misc. Cargo,3.1.1.24,ACTIVE,2500,2500
116,C72083840,PRIMER HOT ROLLED STEEL COILS,BREAK BULK,HRCOIL,IRON AND STEEL CARGO,Packaged,72083840,Other Misc. Cargo,3.1.1.24,ACTIVE,2500,2500
117,C72083890,HOT ROLLED COIL,BREAK BULK,HRCOIL,IRON AND STEEL CARGO,Packaged,72083890,Other Misc. Cargo,3.1.1.24,ACTIVE,2500,2500
118,C72083910,Prime Hot Rolled Steel in Coils/plates,BREAK BULK,SCOIL,IRON AND STEEL CARGO,Packaged,72083910,Other Misc. Cargo,3.1.1.24,ACTIVE,2500,2500
119,C72083930,HOT ROLLED STEEL STRIP IN COILS ( SIZE : 1.60 X 1250XC),BREAK BULK,HRCOIL,IRON AND STEEL CARGO,Packaged,72083930,Other Misc. Cargo,3.1.1.24,ACTIVE,2500,2500
120,C72083940,HR STEEL COIL,BREAK BULK,HRCOIL,IRON AND STEEL CARGO,Packaged,72083940,Other Misc. Cargo,3.1.1.24,ACTIVE,2500,2500
121,C72083990,HOT ROLLED COIL,BREAK BULK,HRCOIL,IRON AND STEEL CARGO,Packaged,72083990,Other Misc. Cargo,3.1.1.24,ACTIVE,2500,2500
122,C72085120,UNIVERSAL PLATES,BREAK BULK,SPLAT,IRON AND STEEL CARGO,Packaged,72085120,Other Misc. Cargo,3.1.1.24,ACTIVE,2500,2500
123,C72085190,HR STEEL PLATE,BREAK BULK,HRCOIL,IRON AND STEEL CARGO,Packaged,72085190,Other Misc. Cargo,3.1.1.24,ACTIVE,2500,2500
124,C72085210,HOT ROLLED STEEL PLATE,BREAK BULK,HRPLATE,IRON AND STEEL CARGO,Packaged,72085210,Other Misc. Cargo,3.1.1.24,ACTIVE,2500,2500
125,C72085230,HOT ROLLED STEEL SHEETS,BREAK BULK,STLSHEET,IRON AND STEEL CARGO,Packaged,72085230,Other Misc. Cargo,3.1.1.24,ACTIVE,2500,2500
126,C72085240,STEEL STRIP,BREAK BULK,STLSHEET,IRON AND STEEL CARGO,Packaged,72085240,Other Misc. Cargo,3.1.1.24,ACTIVE,2500,2500
127,C72085290,HOT ROLLED SHIPBUILDING QUALITY STEEL PLATES,GENERAL CARGO,SPLAT,GENERAL CARGO,Packaged,72085290,Other Misc. Cargo,3.1.1.24,ACTIVE,2500,2500
128,C72091530,COLD ROLLED STEEL STRIP IN COILS,BREAK BULK,CRCOIL,IRON AND STEEL CARGO,Packaged,72091530,Other Misc. Cargo,3.1.1.24,ACTIVE,2500,2500
129,C72091620,COLD ROLLED STEEL IN COILS,BREAK BULK,CRCOIL,IRON AND STEEL CARGO,Packaged,72091620,Other Misc. Cargo,3.1.1.24,ACTIVE,2500,2500
130,C72091630,CR COIL,BREAK BULK,CRCOIL,IRON AND STEEL CARGO,Packaged,72091630,Other Misc. Cargo,3.1.1.24,ACTIVE,2500,2500
131,C72091690,FLAT-ROLLED STEEL,BREAK BULK,STEELOTH,IRON AND STEEL CARGO,Packaged,72091690,Other Misc. Cargo,3.1.1.24,ACTIVE,2500,2500
132,C72091720,COLD ROLLED NON ALLOY STEEL IN COILS,BREAK BULK,CRCOIL,IRON AND STEEL CARGO,Packaged,72091720,Other Misc. Cargo,3.1.1.24,ACTIVE,2500,2500
133,C72091730,CR COIL,BREAK BULK,CRCOIL,IRON AND STEEL CARGO,Packaged,72091730,Other Misc. Cargo,3.1.1.24,ACTIVE,2500,2500
134,C72091790,FLAT-ROLLED STEEL,BREAK BULK,STEELOTH,IRON AND STEEL CARGO,Packaged,72091790,Other Misc. Cargo,3.1.1.24,ACTIVE,2500,2500
135,C72091830,COLD ROLLED STEEL COIL,BREAK BULK,HRCOIL,IRON AND STEEL CARGO,Packaged,72091830,Other Misc. Cargo,3.1.1.24,ACTIVE,2500,2500
136,C72091890,FLAT-ROLLED STEEL,BREAK BULK,STEELOTH,IRON AND STEEL CARGO,Packaged,72091890,Other Misc. Cargo,3.1.1.24,ACTIVE,2500,2500
137,C72103010,STEEL SHEET IN COIL,BREAK BULK,SCOIL,IRON AND STEEL CARGO,Packaged,72103010,Other Misc. Cargo,3.1.1.24,ACTIVE,2500,2500
138,C72103090,ELECTRO GALVANIZED STEEL IN COIL,BREAK BULK,CRCOIL,IRON AND STEEL CARGO,Packaged,72103090,Other Misc. Cargo,3.1.1.24,ACTIVE,2500,2500
139,C72103091,ELECTRO GALVANIZED STEEL SHEET IN COILS,BREAK BULK,CRCOIL,IRON AND STEEL CARGO,Packaged,72103091,Other Misc. Cargo,3.1.1.24,ACTIVE,2500,2500
140,C72103099,PLATED WITH ZINC,BREAK BULK,STEELOTH,IRON AND STEEL CARGO,Packaged,72103099,Other Misc. Cargo,3.1.1.24,ACTIVE,2500,2500
141,C72104900,STEEL SHEET IN COIL,BREAK BULK,STLSHEET,IRON AND STEEL CARGO,Packaged,72104900,Other Misc. Cargo,3.1.1.24,ACTIVE,2500,2500
142,C72104910,STEE PRODUCTS - ZINC GALV,BREAK BULK,STEELOTH,IRON AND STEEL CARGO,Packaged,72104910,Other Misc. Cargo,3.1.1.24,ACTIVE,2500,2500
143,C72104990,PLATED WITH ZINC OR OTHERS,BREAK BULK,STEELOTH,IRON AND STEEL CARGO,Packaged,72104990,Other Misc. Cargo,3.1.1.24,ACTIVE,2500,2500
144,C72106100,STEEL COILS - ALUM ZINC COATED,BREAK BULK,STEELOTH,IRON AND STEEL CARGO,Packaged,72106100,Other Misc. Cargo,,ACTIVE,2500,2500
145,C72106900,ALUMINIZED (AL-SI COATED) STEEL IN COILS,BREAK BULK,SCOIL,IRON AND STEEL CARGO,Packaged,72106900,Other Misc. Cargo,3.1.1.24,ACTIVE,2500,2500
146,C72107000,STEEL STRIPS - ELEC GALVANIZED,BREAK BULK,SCOIL,IRON AND STEEL CARGO,Packaged,72107000,Other Misc. Cargo,3.1.1.24,ACTIVE,2500,2500
147,C72109090,CLAD PLATE TITANIUM SHEET,BREAK BULK,SPLAT,IRON AND STEEL CARGO,Packaged,72109090,Other Misc. Cargo,3.1.1.24,ACTIVE,2500,2500
148,C72139110,HR WIRE ROD COILS,BREAK BULK,HRCOIL,IRON AND STEEL CARGO,Packaged,72139110,Other Misc. Cargo,3.1.1.24,ACTIVE,2500,2500
149,C72139120,STEEL WIRE RODS IN COILS,BREAK BULK,HRCOIL,IRON AND STEEL CARGO,Packaged,72139120,Other Misc. Cargo,3.1.1.24,ACTIVE,2500,2500
150,C72139190,BARS AND RODS,BREAK BULK,STEELOTH,IRON AND STEEL CARGO,Packaged,72139190,Other Misc. Cargo,3.1.1.24,ACTIVE,2500,2500
151,C72139920,CHQ STEEL WIRE RODS IN COILS,BREAK BULK,SWRCOIL,IRON AND STEEL CARGO,Packaged,72139920,Other Misc. Cargo,3.1.1.24,ACTIVE,2500,2500
152,C72139990,BARS AND RODS,BREAK BULK,STEELOTH,IRON AND STEEL CARGO,Packaged,72139990,Other Misc. Cargo,3.1.1.24,ACTIVE,2500,2500
153,C72141090,STEEDL RODS AND BARS OTHERS,BREAK BULK,STEELOTH,IRON AND STEEL CARGO,Packaged,72141090,Other Misc. Cargo,3.1.1.24,ACTIVE,2500,2500
154,C72149910,STEEL ROUND BAR,BREAK BULK,STEELOTH,IRON AND STEEL CARGO,Packaged,72149910,Other Misc. Cargo,3.1.1.24,ACTIVE,2500,2500
155,C72149990,HOT ROLLED STEEL ROUND BAR,BREAK BULK,SBAR,IRON AND STEEL CARGO,Packaged,72149990,Other Misc. Cargo,3.1.1.24,ACTIVE,2500,2500
156,C72163300,HR STEEL BEAM,BREAK BULK,SPLAT,IRON AND STEEL CARGO,Packaged,72163300,Other Misc. Cargo,3.1.1.24,ACTIVE,2500,2500
157,C72163320,STRUCTURAL STEEL – ROLLED SECTIONS,BREAK BULK,STEELOTH,PROJECT CARGO,Packaged,72163320,Other Misc. Cargo,3.1.1.24,ACTIVE,2500,2500
158,C72169930,ANGLES AND CHANNELS,BREAK BULK,STEELOTH,IRON AND STEEL CARGO,Packaged,72169930,Other Misc. Cargo,3.1.1.24,ACTIVE,2500,2500
159,C72172010,Steel wire rod coil,BREAK BULK,SWRCOIL,GENERAL CARGO,Packaged,72172010,Other Misc. Cargo,3.1.1.24,ACTIVE,2500,2500
160,C72191200,HOT ROLLED STAINLESS STEEL,BREAK BULK,HRCOIL,IRON AND STEEL CARGO,Packaged,72191200,Other Misc. Cargo,3.1.1.24,ACTIVE,2500,2500
161,C72191300,HOT ROLLED STAINLESS STEEL COILS,BREAK BULK,HRCOIL,IRON AND STEEL CARGO,Packaged,72191300,Other Misc. Cargo,3.1.1.24,ACTIVE,2500,2500
162,C72192111,STEEL SHEETS,BREAK BULK,STLSHEET,IRON AND STEEL CARGO,Packaged,72192111,Other Misc. Cargo,3.1.1.24,ACTIVE,2500,2500
163,C72192112,STEEL SHEETS,BREAK BULK,STLSHEET,IRON AND STEEL CARGO,Packaged,72192112,Other Misc. Cargo,3.1.1.24,ACTIVE,2500,2500
164,C72192190,STAINLESS STEEL SHEET,BREAK BULK,STEELOTH,IRON AND STEEL CARGO,Packaged,72192190,Other Misc. Cargo,3.1.1.24,ACTIVE,2500,2500
165,C72192299,STAINLESS STEEL SHEET,BREAK BULK,STEELOTH,IRON AND STEEL CARGO,Packaged,72192299,Other Misc. Cargo,3.1.1.24,ACTIVE,2500,2500
166,C72192490,HOT ROLLED STEEL COILS,BREAK BULK,HRCOIL,IRON AND STEEL CARGO,Packaged,72192490,Other Misc. Cargo,3.1.1.24,ACTIVE,2500,2500
167,C72193290,STAINLESS STEEL SHEET,BREAK BULK,STEELOTH,IRON AND STEEL CARGO,Packaged,72193290,Other Misc. Cargo,3.1.1.24,ACTIVE,2500,2500
168,C72193310,CR COILS,BREAK BULK,CRCOIL,IRON AND STEEL CARGO,Packaged,72193310,Other Misc. Cargo,3.1.1.24,ACTIVE,2500,2500
169,C72193390,CR STEEL SHEET IN COIL,BREAK BULK,CRCOIL,IRON AND STEEL CARGO,Packaged,72193390,Other Misc. Cargo,3.1.1.24,ACTIVE,2500,2500
170,C72193410,CR COILS,BREAK BULK,CRCOIL,IRON AND STEEL CARGO,Packaged,72193410,Other Misc. Cargo,3.1.1.24,ACTIVE,2500,2500
171,C72193490,CR STEEL SHEET IN COIL,BREAK BULK,CRCOIL,IRON AND STEEL CARGO,Packaged,72193490,Other Misc. Cargo,3.1.1.24,ACTIVE,2500,2500
172,C72249010,BLOOM (steel),BREAK BULK,SBLOOM,IRON AND STEEL CARGO,Packaged,72249010,Other Misc. Cargo,3.1.1.24,ACTIVE,2500,2500
173,C72251100,CR ELECTRICAL STEEL  COIL,BREAK BULK,CRCOIL,IRON AND STEEL CARGO,Packaged,72251100,Other Misc. Cargo,3.1.1.24,ACTIVE,2500,2500
174,C72251920,CR STEEL COIL,BREAK BULK,CRCOIL,IRON AND STEEL CARGO,Packaged,72251920,Other Misc. Cargo,3.1.1.24,ACTIVE,2500,2500
175,C72251990,FLAT-ROLLED  ALLOY STEEL– OTHER,BREAK BULK,STEELOTH,IRON AND STEEL CARGO,Packaged,72251990,Other Misc. Cargo,,ACTIVE,2500,2500
176,C72253090,PICKLING & OILING COIL,BREAK BULK,HRCOIL,IRON AND STEEL CARGO,Packaged,72253090,Other Misc. Cargo,3.1.1.24,ACTIVE,2500,2500
177,C72254012,CARBON STEEL PLATES,BREAK BULK,SPLAT,IRON AND STEEL CARGO,Packaged,72254012,Other Misc. Cargo,3.1.1.24,ACTIVE,2500,2500
178,C72254013,HOT ROLLED HIGH TENSILE STEEL PLATE,BREAK BULK,HRCOIL,IRON AND STEEL CARGO,Packaged,72254013,Other Misc. Cargo,3.1.1.24,ACTIVE,2500,2500
179,C72254019,HOT ROLLED STEEL PLATES,BREAK BULK,SPLAT,IRON AND STEEL CARGO,Packaged,72254019,Other Misc. Cargo,3.1.1.24,ACTIVE,2500,2500
180,C72255010,CR STEEL COIL,BREAK BULK,CRCOIL,IRON AND STEEL CARGO,Packaged,72255010,Other Misc. Cargo,3.1.1.24,ACTIVE,2500,2500
181,C72259190,ELCTRO GALV STEEL COIL,BREAK BULK,SCOIL,IRON AND STEEL CARGO,Packaged,72259190,Other Misc. Cargo,3.1.1.24,ACTIVE,2500,2500
182,C72259210,GALV STEEL COIL,BREAK BULK,SCOIL,IRON AND STEEL CARGO,Packaged,72259210,Other Misc. Cargo,3.1.1.24,ACTIVE,2500,2500
183,C72259290,GALVANNEALED STEEL SHEET IN COIL,BREAK BULK,SCOIL,IRON AND STEEL CARGO,Packaged,72259290,Other Misc. Cargo,3.1.1.24,ACTIVE,2500,2500
184,C72259910,ALUMINUM COATED STEEL SHEET IN COIL,BREAK BULK,SCOIL,IRON AND STEEL CARGO,Packaged,72259910,Other Misc. Cargo,3.1.1.24,ACTIVE,2500,2500
185,C72259990,AL-SI PLATING COIL,BREAK BULK,SCOIL,IRON AND STEEL CARGO,Packaged,72259990,Other Misc. Cargo,3.1.1.24,ACTIVE,2500,2500
186,C72261990,COLD ROLLED NON GRAIN ORIENTED ELECTRICAL STEEL COILS,BREAK BULK,CRCOIL,GENERAL CARGO,Packaged,72261990,Other Misc. Cargo,3.1.1.24,ACTIVE,2500,2500
187,C72279040,STEEL WIRE RODS,BREAK BULK,SWRCOIL,IRON AND STEEL CARGO,Packaged,72279040,Other Misc. Cargo,3.1.1.24,ACTIVE,2500,2500
188,C72279090,"BARS AND RODS,",BREAK BULK,STEELOTH,IRON AND STEEL CARGO,Packaged,72279090,Other Misc. Cargo,3.1.1.24,ACTIVE,2500,2500
189,C72283019,HOT ROLLED STEEL BARS,BREAK BULK,HRCOIL,IRON AND STEEL CARGO,Packaged,72283019,Other Misc. Cargo,3.1.1.24,ACTIVE,2500,2500
190,C72283029,HOT ROLLED STEEL ROUND BAR,BREAK BULK,SBAR,IRON AND STEEL CARGO,Packaged,72283029,Other Misc. Cargo,3.1.1.24,ACTIVE,2500,2500
191,C72287011,STEEL PRODUCT,BREAK BULK,STEELOTH,IRON AND STEEL CARGO,Packaged,72287011,Other Misc. Cargo,3.1.1.24,ACTIVE,2500,2500
192,C73011000,SHEET PILING,BREAK BULK,STEELOTH,IRON AND STEEL CARGO,Packaged,73011000,Other Misc. Cargo,3.1.1.24,ACTIVE,2500,2500
193,C73021011,RAILS-HEAD HARDENED,BREAK BULK,SROD,IRON AND STEEL CARGO,Packaged,73021011,Other Misc. Cargo,3.1.1.24,ACTIVE,2500,2500
194,C73041110,TUBES PIPES,BREAK BULK,SPIPE,IRON AND STEEL CARGO,Packaged,73041110,Other Misc. Cargo,3.1.1.24,ACTIVE,2500,2500
195,C73042990,DRILLING PIPES-PREMIUM CASING,BREAK BULK,MACHWOW,MACHINERY,Packaged,73042990,Other Misc. Cargo,3.1.1.23,ACTIVE,1000,1000
196,C73043119,Non Alloy seamless pipes,BREAK BULK,PROJ,PROJECT CARGO,Packaged,73043119,Other Misc. Cargo,3.1.1.24,ACTIVE,2500,2500
197,C73043919,CS SEAMLESS STEEL PIPE,BREAK BULK,MACHWOW,MACHINERY,Packaged,73043919,Other Misc. Cargo,3.1.1.24,ACTIVE,2500,2500
198,C73045910,SEAMLESS STEEL PIPES,BREAK BULK,SPIPE,IRON AND STEEL CARGO,Packaged,73045910,Other Misc. Cargo,3.1.1.24,ACTIVE,2500,2500
199,C73045920,SEAMLESS STEEL PIPES,BREAK BULK,SPIPE,IRON AND STEEL CARGO,Packaged,73045920,Other Misc. Cargo,3.1.1.24,ACTIVE,2500,2500
200,C73049000,CARBON STEEL SEAMLESS PIPE,BREAK BULK,MACHWOW,IRON AND STEEL CARGO,Packaged,73049000,Other Misc. Cargo,3.1.1.24,ACTIVE,2500,2500
201,C73051129,CS WELDED PIPES,BREAK BULK,STEELOTH,IRON AND STEEL CARGO,Packaged,73051129,Other Misc. Cargo,3.1.1.24,ACTIVE,2500,2500
202,C73051921,REACTOR - PARTS,BREAK BULK,MACHWOW,MACHINERY,Packaged,73051921,Other Misc. Cargo,3.1.1.23,ACTIVE,1000,1000
203,C73053990,INCINERATOR,BREAK BULK,MACHWOW,MACHINERY,Packaged,73053990,Other Misc. Cargo,3.1.1.23,ACTIVE,1000,1000
204,C73059091,CHIMNEY STACK ASSEMBLY,BREAK BULK,MACHWOW,MACHINERY,Packaged,73059091,,3.1.1.23,ACTIVE,1000,1000
205,C73063010,NON ALLOY STEEL,BREAK BULK,STEELOTH,IRON AND STEEL CARGO,Packaged,73063010,Other Misc. Cargo,3.1.1.24,ACTIVE,2500,2500
206,C73065000,ALLOY STEEL MATERIALS,BREAK BULK,GENL,IRON AND STEEL CARGO,Packaged,73065000,Other Misc. Cargo,3.1.1.24,ACTIVE,2500,2500
207,C73066100,INCINERATOR,BREAK BULK,MACHWOW,MACHINERY,Packaged,73066100,Other Misc. Cargo,3.1.1.23,ACTIVE,1000,1000
208,C73066900,INCINERATOR DUCTPART,BREAK BULK,MACHWOW,MACHINERY,Packaged,73066900,Other Misc. Cargo,3.1.1.23,ACTIVE,1000,1000
209,C73072900,FITTINGS,BREAK BULK,MACHWOW,MACHINERY,Packaged,73072900,Other Misc. Cargo,3.1.1.23,ACTIVE,1000,1000
210,C73079190,TOWER FLANGES (WIND MILL PARTS),BREAK BULK,MACH,MACHINERY,Packaged,73079190,Other Misc. Cargo,3.1.1.23,ACTIVE,1000,1000
211,C73079910,"SHIP STORES -NOZZLE,PLANGER ASSY VALVE",BREAK BULK,SHPSTOR,GENERAL CARGO,Packaged,73079910,Other Misc. Cargo,3.1.1.37.B,ACTIVE,1000,1000
212,C73084000,EQUIPMENT FOR SCAFFOLDING,BREAK BULK,MACHWOW,MACHINERY,Packaged,73084000,Other Misc. Cargo,3.1.1.23,ACTIVE,1000,1000
213,C73089010,GRATING GALV IRON,BREAK BULK,GALVIRON,MACHINERY,Packaged,73089010,Other Misc. Cargo,3.1.1.23,ACTIVE,1000,1000
214,C73089090,STRUCTURS IRON OR STEEL,BREAK BULK,MACHWOW,MACHINERY,Packaged,73089090,Other Misc. Cargo,3.1.1.23,ACTIVE,1000,1000
215,C73090040,"PRESSURE VESSELS RESERVOIRS, TANKS",BREAK BULK,GENL,GENERAL CARGO,Packaged,73090040,Other Misc. Cargo,3.1.1.37.B,ACTIVE,1000,1000
216,C73090090,"FUEL TANK, RESERVOIRS, TANKS",BREAK BULK,MACHWOW,MACHINERY,Packaged,73090090,Other Misc. Cargo,3.1.1.23,ACTIVE,1000,1000
217,C73101090,SKID MOUNTED CHEMICAL STORAGE TANK,BREAK BULK,MACHWOW,MACHINERY,Packaged,73101090,Other Misc. Cargo,3.1.1.23,ACTIVE,1000,1000
218,C73110090,CRYOGENIC STORAGE TANK,BREAK BULK,MACHWOW,MACHINERY,Packaged,73110090,Other Misc. Cargo,3.1.1.23,ACTIVE,1000,1000
219,C73121020,GALVANISED STEEL WIRE ROPE,BREAK BULK,SWRCOIL,IRON AND STEEL CARGO,Packaged,73121020,Other Misc. Cargo,3.1.1.24,ACTIVE,2500,2500
220,C73121090,CABLE MOORING SPIRAL STRAND NOMINAL STEEL,BREAK BULK,STEELOTH,IRON AND STEEL CARGO,Packaged,73121090,Other Misc. Cargo,3.1.1.24,ACTIVE,2500,2500
221,C73151900,LOAD RING YOKE  ( WIND MILL PARTS MACHINERY),BREAK BULK,MACHWOW,MACHINERY,Packaged,73151900,Other Misc. Cargo,3.1.1.23,ACTIVE,1000,1000
222,C73159000,MACHINERY,BREAK BULK,PROJ,MACHINERY,Packaged,73159000,,3.1.1.37.B,ACTIVE,1000,1000
223,C73181500,SCREWS BOLTS,BREAK BULK,SCRBOLT,IRON AND STEEL CARGO,Packaged,73181500,Other Misc. Cargo,3.1.1.24,ACTIVE,2500,2500
224,C73182200,LOAD RING THREAD,BREAK BULK,GENL,MACHINERY,Packaged,73182200,Other Misc. Cargo,3.1.1.37.B,ACTIVE,900,900
225,C73182400,CYLINDRICAL PIN,BREAK BULK,SHPSTOR,MACHINERY,Packaged,73182400,Other Misc. Cargo,3.1.1.37.B,ACTIVE,1000,1000
226,C73239990,House hold goods,BREAK BULK,GENL,GENERAL CARGO,,73239990,Other Misc. Cargo,3.1.1.34,ACTIVE,1000,1000
227,C73259910,TEST PIECES,BREAK BULK,STEELOTH,IRON AND STEEL CARGO,Packaged,73259910,Other Misc. Cargo,3.1.1.23,ACTIVE,2500,2500
228,C73261990,LOAD RING YOKE - WIND MILL PARTS,BREAK BULK,MACHWOW,MACHINERY,Packaged,73261990,Other Misc. Cargo,3.1.1.23,ACTIVE,1000,1000
229,C73262090,LOAD RING YOKE - WIND MILL PARTS,BREAK BULK,MACHWOW,MACHINERY,Packaged,73262090,Other Misc. Cargo,3.1.1.23,ACTIVE,1000,1000
230,C73269010,TEST PIECES,BREAK BULK,STEELOTH,IRON AND STEEL CARGO,Packaged,73269010,Other Misc. Cargo,3.1.1.23,ACTIVE,2500,2500
231,C73269080,IRON & STEEL ARTICLES - OTHERS,BREAK BULK,STEELOTH,MACHINERY,Packaged,73269080,Other Misc. Cargo,3.1.1.37.B,ACTIVE,2500,2500
232,C73269098,RETAINING RING FOR BORING,BREAK BULK,SHPSTOR,MACHINERY,Packaged,73269098,Other Misc. Cargo,3.1.1.37.B,ACTIVE,1000,1000
233,C75062000,NICKEL ALLOY PLATE,BREAK BULK,MPLATE,IRON AND STEEL CARGO,Packaged,75062000,Other Misc. Cargo,3.1.1.24,ACTIVE,2500,2500
234,C75071200,COLD FINISHED NICKEL ALLOY SEAMLESS TUBES,BREAK BULK,MACHWOW,MACHINERY,Packaged,75071200,Other Misc. Cargo,3.1.1.23,ACTIVE,1000,1000
235,C76041039,aluminium channels,BREAK BULK,GENL,GENERAL CARGO,Packaged,76041039,Other Misc. Cargo,3.1.1.24,ACTIVE,2500,2500
236,C76061190,ALUMINIUM PANNEL,BREAK BULK,STEELOTH,IRON AND STEEL CARGO,Packaged,76061190,Other Misc. Cargo,3.1.1.24,ACTIVE,2500,2500
237,C76061200,aluminium alloys SHEET,BREAK BULK,OTHBLK,GENERAL CARGO,Packaged,76061200,Other Misc. Cargo,3.1.1.24,ACTIVE,2500,2500
238,C76151030,HOUSEHOLD ARTICLES,BREAK BULK,HSARTICLES,GENERAL CARGO,Packaged,76151030,Other Misc. Cargo,3.1.1.37.B,ACTIVE,900,900
239,C81089090,TITANIUM PLATE,BREAK BULK,GENL,GENERAL CARGO,Packaged,81089090,Other Misc. Cargo,3.1.1.37.B,ACTIVE,1000,1000
240,C82029990,CUTTING BLADE,BREAK BULK,MACHWOW,MACHINERY,Packaged,82029990,Other Misc. Cargo,3.1.1.23,ACTIVE,1000,1000
241,C82077090,NEW HOT STRIP MILL ( TOOLS),BREAK BULK,MACHWOW,MACHINERY,Packaged,82077090,Other Misc. Cargo,3.1.1.23,ACTIVE,1000,1000
242,C82079090,DIE TOOLS MACHINERY,BREAK BULK,MACHWOW,MACHINERY,Packaged,82079090,Other Misc. Cargo,3.1.1.23,ACTIVE,1000,1000
243,C83079000,LIQUID TIGHT CONNECTOR,BREAK BULK,STEELOTH,IRON AND STEEL CARGO,Packaged,83079000,Other Misc. Cargo,3.1.1.24,ACTIVE,2500,2500
244,C84021990,STEAM DRUM FOR REACTOR,BREAK BULK,MACHWOW,MACHINERY,Packaged,84021990,Other Misc. Cargo,3.1.1.23,ACTIVE,1000,1000
245,C84022000,AQC BOILER,BREAK BULK,MACHWOW,MACHINERY,Packaged,84022000,Other Misc. Cargo,3.1.1.23,ACTIVE,1000,1000
246,C84029020,WATER BOILERS,BREAK BULK,PROJ,MACHINERY,Packaged,84029020,Other Misc. Cargo,3.1.1.23,ACTIVE,1000,1000
247,C84029090,BOILERS,BREAK BULK,MACHWOW,MACHINERY,Packaged,84029090,Other Misc. Cargo,3.1.1.23,ACTIVE,1000,1000
248,C84041000,STRUCTURES & EQUIPMENT,BREAK BULK,MACHWOW,MACHINERY,Packaged,84041000,Other Misc. Cargo,3.1.1.23,ACTIVE,1000,1000
249,C84042000,CONDENSERS FOR STEAM/OTHR VPR POWR UNITS,BREAK BULK,MACHWOW,GENERAL CARGO,Packaged,84042000,Other Misc. Cargo,3.1.1.23,ACTIVE,1000,1000
250,C84051010,Nitrogen Plant Capacity,BREAK BULK,MACHWOW,MACHINERY,Packaged,84051010,Other Misc. Cargo,3.1.1.23,ACTIVE,1000,1000
251,C84068100,STEAM TURBINE SET,BREAK BULK,PROJ,GENERAL CARGO,Packaged,84068100,Other Misc. Cargo,3.1.1.23,ACTIVE,1000,1000
252,C84068200,STEAM TURBINE,BREAK BULK,MACH,MACHINERY,Packaged,84068200,Other Misc. Cargo,3.1.1.23,ACTIVE,1000,1000
253,C84069000,STEAM TURBINE  ACCESSORIES,BREAK BULK,MACH,MACHINERY,Packaged,84069000,Other Misc. Cargo,3.1.1.23,ACTIVE,1000,1000
254,C84081010,MARINE ENGINES,BREAK BULK,MACH,MACHINERY,Packaged,84081010,Other Misc. Cargo,3.1.1.23,ACTIVE,1000,1000
255,C84099191,HORKOS BEDLESS MACHINING CENTER,BREAK BULK,MACHWOW,MACHINERY,Packaged,84099191,Other Misc. Cargo,3.1.1.23,ACTIVE,1000,1000
256,C84118220,MACHINERY - GTG SKID,BREAK BULK,MACHWOW,MACHINERY,Packaged,84118220,Other Misc. Cargo,3.1.1.23,ACTIVE,1000,1000
257,C84122990,HYDRAULIC MOTOR,BREAK BULK,MACHWOW,GENERAL CARGO,Packaged,84122990,Other Misc. Cargo,,ACTIVE,1000,1000
258,C84134000,CONCRETE PUMPS,BREAK BULK,MACHWOW,MACHINERY,Packaged,84134000,Other Misc. Cargo,3.1.1.23,ACTIVE,1000,1000
259,C84135090,RECIPROCATING PUMP SYSTEM,BREAK BULK,MACHWOW,MACHINERY,Packaged,84135090,Other Misc. Cargo,3.1.1.23,ACTIVE,1000,1000
260,C84137091,CHEMICAL PROCESS PUMPS,BREAK BULK,MACHWOW,MACHINERY,Packaged,84137091,Other Misc. Cargo,3.1.1.23,ACTIVE,1000,1000
261,C84137099,CENTRIFUGAL PUMPS,BREAK BULK,MACHWOW,MACHINERY,Packaged,84137099,Other Misc. Cargo,3.1.1.23,ACTIVE,1000,1000
262,C84139120,CENTRIFUGAL PUMPS,BREAK BULK,MACHWOW,MACHINERY,Packaged,84139120,Other Misc. Cargo,3.1.1.23,ACTIVE,1000,1000
263,C84141010,GAS COMPRESSORS AND FANS,BREAK BULK,MACHWOW,MACHINERY,Packaged,84141010,Other Misc. Cargo,3.1.1.37.B,ACTIVE,1000,1000
264,C84144090,AIR COMPRESSORS ON WHEEL,BREAK BULK,MACHWW,MACHINERY,Packaged,84144090,Other Misc. Cargo,3.1.1.23,ACTIVE,1000,1000
265,C84145930,ELECTRIC EQUIPMENT PELLET PLANT,BREAK BULK,MACHWOW,ELECTRICAL GOODS,Packaged,84145930,Other Misc. Cargo,3.1.1.23,ACTIVE,1000,1000
266,C84145990,ELECTRIC EQUIPMENTS PELLET PLANT,BREAK BULK,MACHWOW,MACHINERY,Packaged,84145990,Other Misc. Cargo,3.1.1.23,ACTIVE,1000,1000
267,C84148019,TURBO COMPRESSOR,BREAK BULK,MACHWOW,MACHINERY,Packaged,84148019,Other Misc. Cargo,3.1.1.23,ACTIVE,1000,1000
268,C84148090,AIR COMPRESSOR,BREAK BULK,MACHWOW,MACHINERY,Packaged,84148090,Other Misc. Cargo,3.1.1.23,ACTIVE,1000,1000
269,C84149010,MACHINERY SHAFTS,BREAK BULK,MACHWOW,MACHINERY,Packaged,8414901,Other Misc. Cargo,,ACTIVE,1000,1000
270,C84149011,GAS COMPRESSORS AND FANS,BREAK BULK,MACHWOW,MACHINERY,Packaged,84149011,Other Misc. Cargo,3.1.1.37.B,ACTIVE,1000,1000
271,C84149090,"AIR OR VACUUM PUMPS, AIR OR OTHER GAS COMPRESSORS",BREAK BULK,GENL,PROJECT CARGO,Packaged,84149090,Other Misc. Cargo,3.1.1.23,ACTIVE,1000,1000
272,C84158390,AIR CONDITIONER UNIT,BREAK BULK,MACHWOW,MACHINERY,Packaged,84158390,Other Misc. Cargo,3.1.1.23,ACTIVE,1000,1000
273,C84159000,PRINTED CIRCUIT ASSY,BREAK BULK,MACHWOW,MACHINERY,Packaged,84159000,Other Misc. Cargo,3.1.1.23,ACTIVE,1000,1000
274,C84162000,BURNER SYSTEM TRAVEELING  GRATE,BREAK BULK,MACHWOW,MACHINERY,Packaged,84162000,Other Misc. Cargo,3.1.1.23,ACTIVE,1000,1000
275,C84162090,BURNER SYSTEM TRAVELLING  GRATE,BREAK BULK,MACHWOW,MACHINERY,Packaged,84162090,Other Misc. Cargo,3.1.1.23,ACTIVE,1000,1000
276,C84169000,SEPTUM VALVE-MACHINE,BREAK BULK,MACHWOW,MACHINERY,Packaged,84169000,Other Misc. Cargo,3.1.1.23,ACTIVE,1000,1000
277,C84171000,FURNACES AND OVENS,BREAK BULK,PROJ,MACHINERY,Packaged,84171000,Other Misc. Cargo,3.1.1.23,ACTIVE,1000,1000
278,C84178090,INDUSTRIAL OR LABORATORY FURNACES,BREAK BULK,MACHWOW,MACHINERY,Packaged,84178090,Other Misc. Cargo,3.1.1.23,ACTIVE,1000,1000
279,C84186990,"MACHINES -REFRIGERATOR, AIR CONDITON",BREAK BULK,MACHWOW,MACHINERY,Packaged,84186990,Other Misc. Cargo,3.1.1.23,ACTIVE,1000,1000
280,C84191920,AIR PREHEATER,BREAK BULK,MACHWOW,MACHINERY,Packaged,84191920,Other Misc. Cargo,3.1.1.23,ACTIVE,1000,1000
281,C84192010,AUTO CLAVES- STERILISING MACHINE,BREAK BULK,MACHWOW,MACHINERY,Packaged,84192010,Other Misc. Cargo,3.1.1.23,ACTIVE,1000,1000
282,C84193900,STEAM DRUM DRYER,BREAK BULK,MACHWOW,MACHINERY,Packaged,84193900,Other Misc. Cargo,3.1.1.23,ACTIVE,1000,1000
283,C84194020,DISTILLATION EQUIPMENT,BREAK BULK,MACHWOW,MACHINERY,Packaged,84194020,Other Misc. Cargo,3.1.1.23,ACTIVE,1000,1000
284,C84194090,PLANT EQUIPMENTS (CHLOROMETHENE),BREAK BULK,MACHWOW,MACHINERY,Packaged,84194090,Other Misc. Cargo,3.1.1.23,ACTIVE,1000,1000
285,C84195011,SHELL AND TUBE HEAT EXCHANGE UNIT,BREAK BULK,PROJ,GENERAL CARGO,Packaged,84195011,Other Misc. Cargo,3.1.1.23,ACTIVE,1000,1000
286,C84195012,PLATE HEAT EXCHANGER,BREAK BULK,MACHWOW,MACHINERY,Packaged,84195012,Other Misc. Cargo,3.1.1.23,ACTIVE,1000,1000
287,C84195019,HEAT EXCHANGER,BREAK BULK,MACHWOW,MACHINERY,Packaged,84195019,Other Misc. Cargo,3.1.1.23,ACTIVE,1000,1000
288,C84195091,HEAT EXCHANGER UNIT FOR HEATING WATER,BREAK BULK,MACHWOW,MACHINERY,Packaged,84195091,Other Misc. Cargo,3.1.1.23,ACTIVE,1000,1000
289,C84195092,"MACHINERY, PLANT OR LABORATORY EQUIPMENT",BREAK BULK,MACHWOW,MACHINERY,Packaged,84195092,Other Misc. Cargo,3.1.1.23,ACTIVE,1000,1000
290,C84195099,MACHINENARY -AIR COOLERS - LEAN MEG COOLER-REGENERATION CONDENSER,BREAK BULK,PROJ,MACHINERY,Packaged,84195099,Other Misc. Cargo,3.1.1.23,ACTIVE,1000,1000
291,C84196000,AIR SEPERATION UNIT LIQUEFYING,BREAK BULK,MACHWOW,MACHINERY,Packaged,84196000,Other Misc. Cargo,3.1.1.23,ACTIVE,1000,1000
292,C84198911,GAS FILTER WITH PRESSURE VESSEL,BREAK BULK,MACHWOW,MACHINERY,Packaged,84198911,Other Misc. Cargo,3.1.1.23,ACTIVE,1000,1000
293,C84198914,ABSORPTION COLUMN  EQUIPMENT,BREAK BULK,MACHWOW,MACHINERY,Packaged,84198914,Other Misc. Cargo,3.1.1.23,ACTIVE,1000,1000
294,C84198915,Other distillation or absorption columns(gas/liquid),BREAK BULK,MACHWOW,MACHINERY,Packaged,84198915,Other Misc. Cargo,3.1.1.23,ACTIVE,1000,1000
295,C84198916,STORAGE TANK FOR PROCESS LIQUIDS,BREAK BULK,MACHWOW,MACHINERY,Packaged,84198916,Other Misc. Cargo,3.1.1.23,ACTIVE,1000,1000
296,C84198917,PROMOTOR DOSINER SYSTEM WITH MIXING STATION,BREAK BULK,MACHWOW,MACHINERY,Packaged,84198917,Other Misc. Cargo,3.1.1.23,ACTIVE,1000,1000
297,C84198919,STAIRCASE WITH SAMPLING VESSEL-OTHER,BREAK BULK,MACHWOW,MACHINERY,Packaged,84198919,Other Misc. Cargo,3.1.1.23,ACTIVE,1000,1000
298,C84198940,PIPING FOR COOLING TOWER,BREAK BULK,MACHWOW,MACHINERY,Packaged,84198940,Other Misc. Cargo,3.1.1.23,ACTIVE,1000,1000
299,C84198990,MACHINERY PLANT LAB EQUIP,BREAK BULK,MACHWOW,MACHINERY,Packaged,84198990,Other Misc. Cargo,3.1.1.23,ACTIVE,1000,1000
300,C84199090,TUBE DRAWING MACHINE FOR COLD BOX,BREAK BULK,MACHWOW,MACHINERY,Packaged,84199090,Other Misc. Cargo,3.1.1.23,ACTIVE,1000,1000
301,C84211910,BOWL CENTRIFUGES,BREAK BULK,MACHWOW,MACHINERY,Packaged,84211910,Other Misc. Cargo,3.1.1.23,ACTIVE,1000,1000
302,C84211920,CENTRIFUGE ASSEMBLY MACHINERY,BREAK BULK,MACHWOW,MACHINERY,Packaged,84211920,Other Misc. Cargo,3.1.1.23,ACTIVE,1000,1000
303,C84212110,ION EXCHANGER PLANT,BREAK BULK,GENL,INDUSTRIAL PRODUCTS IN BREAK BULK,Packaged,84212110,Other Misc. Cargo,3.1.1.23,ACTIVE,1000,1000
304,C84212190,MACHINERY-RO WATER PURIFIER,BREAK BULK,MACHWOW,MACHINERY,Packaged,84212190,Other Misc. Cargo,3.1.1.23,ACTIVE,1000,1000
305,C84212900,SUPPLY OF FILTER PRESS ACCESSORIES,BREAK BULK,MACHWOW,MACHINERY,Packaged,84212900,Other Misc. Cargo,3.1.1.23,ACTIVE,1000,1000
306,C84213920,AIR DRYER,BREAK BULK,MACHWOW,MACHINERY,Packaged,84213920,Other Misc. Cargo,3.1.1.23,ACTIVE,1000,1000
307,C84213990,FILTERING OR PURIFYING MACHINERY,BREAK BULK,MACHWOW,MACHINERY,Packaged,84213990,Other Misc. Cargo,3.1.1.23,ACTIVE,1000,1000
308,C84219100,MACHINERY - CENTRIFUGES DRYERS,BREAK BULK,SHPSTOR,MACHINERY,Packaged,84219100,Other Misc. Cargo,3.1.1.23,ACTIVE,1000,1000
309,C84219900,SEED CONDITIONING EQUIPMENT,BREAK BULK,MACHWOW,MACHINERY,Packaged,84219900,Other Misc. Cargo,3.1.1.23,ACTIVE,1000,1000
310,C84223000,"MACHINERY FOR FILLING,CLOSING AND SEALING",BREAK BULK,MACH,MACHINERY,Packaged,84223000,Other Misc. Cargo,3.1.1.23,ACTIVE,1000,1000
311,C84229090,BAGGING MACHINE - PARTS,BREAK BULK,MACHWOW,MACHINERY,Packaged,84229090,Other Misc. Cargo,3.1.1.23,ACTIVE,1000,1000
312,C84232000,MACHINERY LOAD UNLOAD LIFTING,BREAK BULK,MACHWOW,MACHINERY,Packaged,84232000,Other Misc. Cargo,3.1.1.23,ACTIVE,1000,1000
313,C84232010,WEIGHT FEEDER SYSTEM,BREAK BULK,MACHWOW,MACHINERY,Packaged,84232010,Other Misc. Cargo,3.1.1.23,ACTIVE,1000,1000
314,C84233000,BELT WEIGHING FEEDER –PELLET PLANT EQUIPMENT,BREAK BULK,MACHWOW,MACHINERY,Packaged,84233000,Other Misc. Cargo,3.1.1.23,ACTIVE,1000,1000
315,C84242000,SPRAY GUN,BREAK BULK,MACHWOW,MACHINERY,Packaged,84242000,Other Misc. Cargo,3.1.1.23,ACTIVE,1000,1000
316,C84243000,STEAM OR SAND BLASTINC MACHINE,BREAK BULK,MACHWOW,MACHINERY,Packaged,84243000,Other Misc. Cargo,3.1.1.23,ACTIVE,1000,1000
317,C84248910,PAINTING EQUIPMENT,BREAK BULK,MACHWOW,MACHINERY,Packaged,84248910,Other Misc. Cargo,3.1.1.23,ACTIVE,1000,1000
318,C84248990,OXYGEN BLOWING LANCE,BREAK BULK,MACHWOW,MACHINERY,Packaged,84248990,Other Misc. Cargo,3.1.1.23,ACTIVE,1000,1000
319,C84249000,SPARES OF PULVERIZED COAL PREPARATION,BREAK BULK,PROJ,MACHINERY,Packaged,84249000,Other Misc. Cargo,3.1.1.23,ACTIVE,1000,1000
320,C84253100,ELECTRIC MOTOR (TRACK TENSIONER 4 TRACK),BREAK BULK,MACHWOW,MACHINERY,Packaged,84253100,Other Misc. Cargo,3.1.1.23,ACTIVE,1000,1000
321,C84254900,JACKING OIL PUMP SYSTEM,BREAK BULK,MACHWOW,MACHINERY,Packaged,84254900,Other Misc. Cargo,3.1.1.23,ACTIVE,1000,1000
322,C84261100,TRAVELLING CRANES IN CKD / SKD,BREAK BULK,MACHWW,MACHINERY,Packaged,84261100,Other Misc. Cargo,3.1.1.22,ACTIVE,1000,1000
323,C84261200,BRIDGE CRANE  MOBILE LIFTING FRAMES,BREAK BULK,MACHWW,MACHINERY,Packaged,84261200,Other Misc. Cargo,3.1.1.22,ACTIVE,1000,1000
324,C84261900,USED TRUCK CRANE,BREAK BULK,MACHWW,WHEELED MACHINERY,Packaged,84261900,Other Misc. Cargo,3.1.1.22,ACTIVE,1000,1000
325,C84262000,TOWER CRANES,BREAK BULK,MACHWOW,MACHINERY,Packaged,84262000,Other Misc. Cargo,3.1.1.23,ACTIVE,1000,1000
326,C84264100,MOBILE CRANE,BREAK BULK,MACHWW,MACHINERY,Packaged,84264100,Other Misc. Cargo,3.1.1.22,ACTIVE,1000,1000
327,C84264900,CRAWLER CRANE USED,BREAK BULK,MACHWOW,MACHINERY,Packaged,84264900,Other Misc. Cargo,3.1.1.22,ACTIVE,1000,1000
328,C84272000,TELESCOPIC BOOMS SX-125XC,BREAK BULK,MACHWW,MACHINERY,Packaged,84272000,Other Misc. Cargo,3.1.1.22,ACTIVE,1000,1000
329,C84279000,ZOOMLION TELESCOPIC BOOM LIFT,BREAK BULK,MACHWW,MACHINERY,Packaged,84279000,Other Misc. Cargo,3.1.1.22,ACTIVE,1000,1000
330,C84281019,LIFTING MACHINERY,BREAK BULK,MACHWOW,MACHINERY,Packaged,84281019,Other Misc. Cargo,3.1.1.23,ACTIVE,1000,1000
331,C84282019,OVER HEAD CONVEYOR MACHINE,BREAK BULK,MACHWOW,MACHINERY,Packaged,84282019,Other Misc. Cargo,3.1.1.23,ACTIVE,1000,1000
332,C84283200,PELLET PLANT EQUIPMENT,BREAK BULK,MACHWOW,MACHINERY,Packaged,84283200,Other Misc. Cargo,3.1.1.23,ACTIVE,1000,1000
333,C84283300,SWING CONVEYOR,BREAK BULK,MACHWOW,MACHINERY,Packaged,84283300,Other Misc. Cargo,3.1.1.23,ACTIVE,1000,1000
334,C84283900,MACHINERY LOAD UNLOAD LIFTING,BREAK BULK,MACHWOW,MACHINERY,Packaged,84283900,Other Misc. Cargo,3.1.1.23,ACTIVE,1000,1000
335,C84283920,UNDER SIZE ROLLER SCREEN SYSTEM,BREAK BULK,MACHWOW,MACHINERY,Packaged,84283920,Other Misc. Cargo,3.1.1.23,ACTIVE,1000,1000
336,C84287000,FEEDER MACHINE,BREAK BULK,MACHWOW,MACHINERY,Packaged,84287000,Other Misc. Cargo,3.1.1.23,ACTIVE,1000,1000
337,C84289010,"MACHINERY - LIFTING, HANDLING, LOADING OR UNLOADING",BREAK BULK,MACHWOW,MACHINERY,Packaged,84289010,Other Misc. Cargo,3.1.1.23,ACTIVE,1000,1000
338,C84289090,CRUCIBLE HANDLING MACHINERY,BREAK BULK,MACHWOW,MACHINERY,Packaged,84289090,Other Misc. Cargo,3.1.1.23,ACTIVE,1000,1000
339,C84291120,CATER PILLLAR DOZER,BREAK BULK,MACHWOW,MACHINERY,Packaged,84291120,Other Misc. Cargo,3.1.1.22,ACTIVE,1000,1000
340,C84291910,KOMATSU BULL DOZER,BREAK BULK,MACHWOW,AUTOMOBILES,Packaged,84291910,Other Misc. Cargo,3.1.1.23,ACTIVE,1000,1000
341,C84291920,BULLDOZERS,BREAK BULK,MACHWW,MACHINERY,Packaged,84291920,Other Misc. Cargo,3.1.1.23,ACTIVE,1000,1000
342,C84294010,ROAD ROLLERS,BREAK BULK,MACHWW,WHEELED MACHINERY,Packaged,84294010,Other Misc. Cargo,3.1.1.22,ACTIVE,1000,1000
343,C84294020,VIBRATORY ROLLER XS203  (Road rollers above 5 tons capacity),BREAK BULK,MACHWOW,MACHINERY,Packaged,84294020,Other Misc. Cargo,3.1.1.22,ACTIVE,1000,1000
344,C84295200,CRAWLER EXCAVATOR,BREAK BULK,EXCAV,MACHINERY,Packaged,84295200,Other Misc. Cargo,3.1.1.22,ACTIVE,1000,1000
345,C84303120,Tunneling machinery,BREAK BULK,MACHWOW,MACHINERY,Packaged,84303120,Other Misc. Cargo,3.1.1.23,ACTIVE,1000,1000
346,C84303190,TRUNCH CUTTER,BREAK BULK,MECHWOW,MACHINERY,Packaged,84303190,Other Misc. Cargo,3.1.1.23,ACTIVE,1000,1000
347,C84304110,DRILLING MACHINERY,BREAK BULK,MACHWOW,MACHINERY,Packaged,84304110,Other Misc. Cargo,3.1.1.23,ACTIVE,1000,1000
348,C84304190,DRILLING BORING MACHINERY,BREAK BULK,MACHWOW,GENERAL CARGO,Packaged,84304190,Other Misc. Cargo,3.1.1.23,ACTIVE,1000,1000
349,C84304900,ELECTRIC LAND DRILLING RIG,BREAK BULK,MACHWOW,MACHINERY,Packaged,84304900,Other Misc. Cargo,3.1.1.23,ACTIVE,1000,1000
350,C84305090,DEPTH TRENCH CUTTER,BREAK BULK,MACHWOW,MACHINERY,Packaged,84305090,Other Misc. Cargo,3.1.1.23,ACTIVE,1000,1000
351,C84313910,ELEVATORS CONVEYORS MOVING EQUIP,BREAK BULK,MACHWOW,MACHINERY,Packaged,84313910,Other Misc. Cargo,3.1.1.23,ACTIVE,1000,1000
352,C84313990,MACHINERY PARTS,BREAK BULK,MACHWOW,MACHINERY,Packaged,84313990,Other Misc. Cargo,3.1.1.23,ACTIVE,1000,1000
353,C84314100,Machinery and Mechanical Appliances; Electrical Equipment,BREAK BULK,MACHWOW,MACHINERY,Packaged,84314100,Other Misc. Cargo,3.1.1.23,ACTIVE,1000,1000
354,C84314310,"boring or sinking machinery,",BREAK BULK,MACHWOW,MACHINERY,Packaged,84314310,Other Misc. Cargo,3.1.1.23,ACTIVE,1000,1000
355,C84314390,XCMG-MUD BOX DESANDER UNIT,BREAK BULK,MACHWOW,MACHINERY,Packaged,84314390,Other Misc. Cargo,3.1.1.23,ACTIVE,1000,1000
356,C84314920,ships derricks and cranes,BREAK BULK,MACH,MACHINERY,Packaged,84314920,Other Misc. Cargo,3.1.1.23,ACTIVE,1000,1000
357,C84314930,EXCAVATOR PART,BREAK BULK,EXCAV,MACHINERY,Packaged,84314930,Other Misc. Cargo,3.1.1.22,ACTIVE,1000,1000
358,C84314990,MACHINERY & MECHANICAL APPLIANCES,BREAK BULK,EXCAV,MACHINERY,Packaged,84314990,Other Misc. Cargo,3.1.1.23,ACTIVE,1000,1000
359,C84378090,MACHINERY CORN WET MILLING PROCESS,BREAK BULK,PROJ,MACHINERY,Packaged,84378090,Other Misc. Cargo,3.1.1.23,ACTIVE,1000,1000
360,C84388090,FOOD PROCESSING EQUIPMENT,BREAK BULK,MACHWOW,MACHINERY,Packaged,84388090,Other Misc. Cargo,3.1.1.23,ACTIVE,1000,1000
361,C84399900,FIBRE FLOW DRUM,BREAK BULK,MACHWOW,MACHINERY,Packaged,84399900,Other Misc. Cargo,3.1.1.23,ACTIVE,1000,1000
362,C84413000,MITSUBISHI BOX MAKING MACHINE EVOL,BREAK BULK,MACHWOW,MACHINERY,Packaged,84413000,Other Misc. Cargo,3.1.1.23,ACTIVE,1000,1000
363,C84418000,DIE CUTTER WITH ACCESSORIES,BREAK BULK,MACHWOW,MACHINERY,Packaged,84418000,Other Misc. Cargo,3.1.1.23,ACTIVE,1000,1000
364,C84419000,MITSUBISHI BOX MAKING MACHINE EVOL,BREAK BULK,MACHWOW,MACHINERY,Packaged,84419000,Other Misc. Cargo,3.1.1.23,ACTIVE,1000,1000
365,C84542010,DIE-CASTING - FOUNDARY  LADLES,BREAK BULK,MACHWOW,MACHINERY,Packaged,84542010,Other Misc. Cargo,3.1.1.23,ACTIVE,1000,1000
366,C84542020,MOULDS AND CASTING MACHINES,BREAK BULK,MACHWOW,MACHINERY,Packaged,84542020,Other Misc. Cargo,3.1.1.23,ACTIVE,1000,1000
367,C84543010,DIE CASTING MACHINES,BREAK BULK,MACHWOW,MACHINERY,Packaged,84543010,Other Misc. Cargo,,ACTIVE,1000,1000
368,C84549000,MACHINERY - SHAFTS,BREAK BULK,PROJ,MACHINERY,Packaged,84549000,Other Misc. Cargo,3.1.1.23,ACTIVE,1000,1000
369,C84553000,ROLLS - ROLLING MILLS,BREAK BULK,MACHWOW,MACHINERY,Packaged,84553000,Other Misc. Cargo,3.1.1.23,ACTIVE,1000,1000
370,C84559000,OTHER MACHINERY: PARTS.,BREAK BULK,PROJ,MACHINERY,Packaged,84559000,Other Misc. Cargo,3.1.1.23,ACTIVE,1000,1000
371,C84571010,MACHINING CENTRES,BREAK BULK,MACHWOW,MACHINERY,Packaged,84571010,Other Misc. Cargo,3.1.1.23,ACTIVE,1000,1000
372,C84571020,BRIDGE TYPE MACHINING CENTER,BREAK BULK,MACHWOW,MACHINERY,Packaged,84571020,Other Misc. Cargo,3.1.1.23,ACTIVE,1000,1000
373,C84572090,MACHINING CENTER MACHINE,BREAK BULK,MACHWOW,MACHINERY,Packaged,84572090,Other Misc. Cargo,3.1.1.23,ACTIVE,1000,1000
374,C84581100,LATHES MACHINES,BREAK BULK,MACHWOW,MACHINERY,Packaged,84581100,Other Misc. Cargo,3.1.1.23,ACTIVE,1000,1000
375,C84589100,VERTICAL BORING & TURNING MILL,BREAK BULK,MACH,MACHINERY,Packaged,84589100,Other Misc. Cargo,3.1.1.23,ACTIVE,1000,1000
376,C84592100,CNC TURNING AND MILLING MACHIN,BREAK BULK,MACHWOW,MACHINERY,Packaged,84592100,Other Misc. Cargo,3.1.1.23,ACTIVE,1000,1000
377,C84592990,DRILLING MACHINE WITH STANDARD ACCESSORIES,BREAK BULK,MACHWOW,MACHINERY,Packaged,84592990,Other Misc. Cargo,3.1.1.23,ACTIVE,1000,1000
378,C84594990,FINE BORING MACHINE,BREAK BULK,MACHWOW,MACHINERY,Packaged,84594990,Other Misc. Cargo,3.1.1.23,ACTIVE,1000,1000
379,C84595990,ROUGHENING & CHAMFERING MACHIN,BREAK BULK,MACHWOW,MACHINERY,Packaged,84595990,Other Misc. Cargo,3.1.1.23,ACTIVE,1000,1000
380,C84601200,RAIL GRINDER,BREAK BULK,MACHWOW,MACHINERY,Packaged,84601200,Other Misc. Cargo,3.1.1.23,ACTIVE,1000,1000
381,C84602300,GRINDING MACHINE - GAS,BREAK BULK,MACHWOW,MACHINERY,Packaged,84602300,Other Misc. Cargo,3.1.1.23,ACTIVE,1000,1000
382,C84602400,GRINDING MACHINE,BREAK BULK,MACHWOW,MACHINERY,Packaged,84602400,Other Misc. Cargo,3.1.1.23,ACTIVE,1000,1000
383,C84609090,MACHINE TOOLS,BREAK BULK,MACHWOW,MACHINERY,Packaged,84609090,Other Misc. Cargo,3.1.1.23,ACTIVE,1000,1000
384,C84614019,GEAR CUTTING MACHINE,BREAK BULK,MACHWOW,MACHINERY,Packaged,84614019,Other Misc. Cargo,3.1.1.23,ACTIVE,1000,1000
385,C84614026,CNC GEAR HOBBING MACHINE,BREAK BULK,MACHWOW,MACHINERY,Packaged,84614026,Other Misc. Cargo,3.1.1.23,ACTIVE,1000,1000
386,C84615019,SAWING MACHINES,BREAK BULK,,MACHINERY,Packaged,84615019,Other Misc. Cargo,3.1.1.23,ACTIVE,1000,1000
387,C84621100,HYDRAULIC EJETCOR,BREAK BULK,MACHWW,MACHINERY,Packaged,84621100,Other Misc. Cargo,3.1.1.23,ACTIVE,1000,1000
388,C84621900,COLD FORGING MACHINE SJBF,BREAK BULK,GENL,MACHINERY,Packaged,84621900,Other Misc. Cargo,,ACTIVE,900,900
389,C84622200,AUTO MATIC ROLL FORGING   MACHINE,BREAK BULK,MACHWOW,MACHINERY,Packaged,84622200,Other Misc. Cargo,3.1.1.23,ACTIVE,1000,1000
390,C84623200,SLITTING & CUT TO LENGTH LINES,BREAK BULK,MACHWOW,GENERAL CARGO,Packaged,84623200,Other Misc. Cargo,3.1.1.23,ACTIVE,1000,1000
391,C84623900,HYDRAULIC SHEAR,BREAK BULK,MACHWOW,MACHINERY,Packaged,84623900,Other Misc. Cargo,3.1.1.23,ACTIVE,1000,1000
392,C84624900,MACHINERY H FRAME,BREAK BULK,MACHWOW,MACHINERY,Packaged,84624900,Other Misc. Cargo,3.1.1.23,ACTIVE,1000,1000
393,C84626100,HOT FORGING PRESS,BREAK BULK,MACHWOW,MACHINERY,Packaged,84626100,Other Misc. Cargo,3.1.1.23,ACTIVE,1000,1000
394,C84626200,MECHANICAL PRESSES,BREAK BULK,MACHWOW,MACHINERY,Packaged,84626200,Other Misc. Cargo,3.1.1.23,ACTIVE,1000,1000
395,C84626900,MACHINERY,BREAK BULK,MACHWOW,MACHINERY,Packaged,84626900,Other Misc. Cargo,3.1.1.23,ACTIVE,1000,1000
396,C84629000,FRAME PRESS MACHINERY,BREAK BULK,PROJ,MACHINERY,Packaged,84629000,Other Misc. Cargo,3.1.1.23,ACTIVE,1000,1000
397,C84639090,MACHINE TOOLS (OTHER),BREAK BULK,MACHWOW,MACHINERY,Packaged,84639090,Other Misc. Cargo,3.1.1.23,ACTIVE,1000,1000
398,C84642000,GRINDING OR POLISHING MACHINE,BREAK BULK,MACHWOW,MACHINERY,Packaged,84642000,Other Misc. Cargo,3.1.1.23,ACTIVE,1000,1000
399,C84659100,SAWING MACHINES,BREAK BULK,MACHWOW,MACHINERY,Packaged,84659100,Other Misc. Cargo,3.1.1.23,ACTIVE,1000,1000
400,C84659990,DUST COLLECTOR MACHINE,BREAK BULK,MACHWOW,MACHINERY,Packaged,84659990,Other Misc. Cargo,3.1.1.23,ACTIVE,1000,1000
401,C84663090,TOOLS FOR MANF EXCAVATOR,BREAK BULK,MACH,MACHINERY,Packaged,84663090,Other Misc. Cargo,3.1.1.23,ACTIVE,1000,1000
402,C84669310,MACHINE TOOLS FOR METAILS,BREAK BULK,MACHWOW,MACHINERY,Packaged,84669310,Other Misc. Cargo,3.1.1.23,ACTIVE,1000,1000
403,C84669390,LINER MOTION GUIDE MACHINE,BREAK BULK,MACHWOW,MACHINERY,Packaged,84669390,Other Misc. Cargo,3.1.1.23,ACTIVE,1000,1000
404,C84669400,MECHANICAL PRESS PARTS,BREAK BULK,MACHWOW,MACHINERY,Packaged,84669400,Other Misc. Cargo,3.1.1.23,ACTIVE,1000,1000
405,C84679900,MACHINERY AND TOOLS,BREAK BULK,MACHWOW,MACHINERY,Packaged,84679900,Other Misc. Cargo,3.1.1.23,ACTIVE,1000,1000
406,C84741000,PRODUCT SCREENING SYSTEM,BREAK BULK,MACHWOW,MACHINERY,Packaged,84741000,Other Misc. Cargo,3.1.1.23,ACTIVE,1000,1000
407,C84741090,MACHINERY,BREAK BULK,MACHWOW,GENERAL CARGO,Packaged,84741090,Other Misc. Cargo,3.1.1.23,ACTIVE,1000,1000
408,C84742010,MACHINERY FOR CRUSHING,BREAK BULK,MACHWOW,MACHINERY,Packaged,84742010,Other Misc. Cargo,3.1.1.23,ACTIVE,1000,1000
409,C84742020,MACHINERY - GRINDING COAL,BREAK BULK,MACHWOW,MACHINERY,Packaged,84742020,Other Misc. Cargo,3.1.1.23,ACTIVE,1000,1000
410,C84742090,MACHINERY,BREAK BULK,MACHWOW,MACHINERY,Packaged,84742090,Other Misc. Cargo,3.1.1.23,ACTIVE,1000,1000
411,C84743110,BATCHING PLANT,BREAK BULK,MACHWW,MACHINERY,Packaged,84743110,Other Misc. Cargo,3.1.1.22,ACTIVE,1000,1000
412,C84743200,WMM PLANT,BREAK BULK,MACHWOW,MACHINERY,Packaged,84743200,Other Misc. Cargo,3.1.1.23,ACTIVE,1000,1000
413,C84743900,POLLUTION CONTROL UNIT,BREAK BULK,MACHWOW,MACHINERY,Packaged,84743900,Other Misc. Cargo,3.1.1.23,ACTIVE,1000,1000
414,C84748010,SPRAY DRYER SYSTEM,BREAK BULK,MACHWOW,MACHINERY,Packaged,84748010,Other Misc. Cargo,3.1.1.23,ACTIVE,1000,1000
415,C84748020,HYDRAULIC TILE PRESS,BREAK BULK,MACHWOW,MACHINERY,Packaged,84748020,Other Misc. Cargo,3.1.1.23,ACTIVE,1000,1000
416,C84748090,MACHINERY - OTHER MACHINERY,BREAK BULK,PROJ,MACHINERY,Packaged,84748090,Other Misc. Cargo,3.1.1.23,ACTIVE,1000,1000
417,C84771000,INJECTION MOLDING MACHINE,BREAK BULK,MACHWOW,MACHINERY,Packaged,84771000,Other Misc. Cargo,3.1.1.23,ACTIVE,1000,1000
418,C84775900,MATERIAL INPUT MACHINE,BREAK BULK,MACH,MACHINERY,Packaged,84775900,Other Misc. Cargo,,ACTIVE,1000,1000
419,C84778010,CONVEYOR BELT CURING,BREAK BULK,MACHWOW,MACHINERY,Packaged,84778010,Other Misc. Cargo,3.1.1.23,ACTIVE,1000,1000
420,C84778090,MACHINERY & SPARES,BREAK BULK,MACHWOW,MACHINERY,Packaged,84778090,Other Misc. Cargo,3.1.1.23,ACTIVE,1000,1000
421,C84779000,INJECTION MOLDING MACHINE- PARTS,BREAK BULK,MACH,MACHINERY,Packaged,84779000,Other Misc. Cargo,3.1.1.23,ACTIVE,1000,1000
422,C84781090,TRACTOR(OLD/USED),BREAK BULK,MACHWW,MACHINERY,Packaged,84781090,Other Misc. Cargo,3.1.1.23,ACTIVE,1000,1000
423,C84791000,Machinery for public works (WITH WHEEL),BREAK BULK,MACHWW,WHEELED MACHINERY,Packaged,84791000,Other Misc. Cargo,3.1.1.22,ACTIVE,1000,1000
424,C84793000,MACHINERY FOR PRESSES,BREAK BULK,PROJ,MACHINERY,Packaged,84793000,Other Misc. Cargo,3.1.1.23,ACTIVE,1000,1000
425,C84795000,AIR CONDITIONING PRODUCTION EQUIPMENT,BREAK BULK,ELECTRICAL,ELECTRICAL GOODS,Packaged,84795000,Other Misc. Cargo,3.1.1.23,ACTIVE,1000,1000
426,C84797100,PASSENGER BOARDING BRIDGE,BREAK BULK,MACHWOW,MACHINERY,Packaged,84797100,Other Misc. Cargo,3.1.1.23,ACTIVE,1000,1000
427,C84798200,"FEEDER HOPPER ROOTS FAN, BAG FILTER",BREAK BULK,MACHWOW,MACHINERY,Packaged,84798200,Other Misc. Cargo,3.1.1.23,ACTIVE,1000,1000
428,C84798960,SPARES FOR COKE OVEN PLANTS,BREAK BULK,PROJ,PROJECT CARGO,Packaged,84798960,Other Misc. Cargo,3.1.1.23,ACTIVE,1000,1000
429,C84798999,MACHINES MECHANICAL APPLIANCES,BREAK BULK,MACH,MACHINERY,Packaged,84798999,Other Misc. Cargo,3.1.1.23,ACTIVE,1000,1000
430,C84804900,MOULDS FOR METAL & CARBIDES,BREAK BULK,MACHWOW,MACHINERY,Packaged,84804900,Other Misc. Cargo,3.1.1.23,ACTIVE,1000,1000
431,C84807900,MOULD,BREAK BULK,MACHWOW,MACHINERY,Packaged,84807900,Other Misc. Cargo,3.1.1.23,ACTIVE,1000,1000
432,C84814000,SAFETY VALVES,BREAK BULK,MACHWOW,MACHINERY,Packaged,84814000,Other Misc. Cargo,3.1.1.23,ACTIVE,1000,1000
433,C84818030,INDUSTRIAL VALVES,BREAK BULK,PROJ,GENERAL CARGO,Packaged,84818030,Other Misc. Cargo,3.1.1.23,ACTIVE,1000,1000
434,C84818090,BUTTERFLY VALVES,BREAK BULK,MACHWW,MACHINERY,Packaged,84818090,Other Misc. Cargo,3.1.1.23,ACTIVE,1000,1000
435,C84819090,OIL WELL DRILLING EQUIPMENT,BREAK BULK,MACHWOW,MACHINERY,Packaged,84819090,Other Misc. Cargo,3.1.1.23,ACTIVE,1000,1000
436,C84831099,MACHINERY - SHAFTS,BREAK BULK,PROJ,MACHINERY,Packaged,84831099,Other Misc. Cargo,3.1.1.23,ACTIVE,1000,1000
437,C84835090,GRAB IN ASSEMBLED CONDITIONS,BREAK BULK,MACHWOW,MACHINERY,Packaged,84835090,Other Misc. Cargo,3.1.1.23,ACTIVE,1000,1000
438,C84839000,ADAPTER SET MOTOR,BREAK BULK,MACHWOW,GENERAL CARGO,Packaged,84839000,Other Misc. Cargo,,ACTIVE,1000,1000
439,C84839081,GEAR WHEEL,BREAK BULK,SHPSTOR,MACHINERY,Packaged,84839081,Other Misc. Cargo,3.1.1.37.B,ACTIVE,1000,1000
440,C84839089,BUSH- SHIP STORES,BREAK BULK,SHPSTOR,MACHINERY,Packaged,84839089,Other Misc. Cargo,3.1.1.37.B,ACTIVE,1000,1000
441,C84863000,MACHINES FOR MANU FLAT PANEL DISPLAYS,BREAK BULK,MACHWOW,MACHINERY,Packaged,84863000,Other Misc. Cargo,3.1.1.23,ACTIVE,1000,1000
442,C84864000,AUTO LAMINATOR,BREAK BULK,MACHWOW,MACHINERY,Packaged,84864000,Other Misc. Cargo,3.1.1.23,ACTIVE,1000,1000
443,C84871090,BOAT FRAME & BOAT FITTING,BREAK BULK,MACHWOW,MACHINERY,Packaged,84871090,Other Misc. Cargo,3.1.1.23,ACTIVE,1000,1000
444,C84879000,SHIPS MACHINE PARTS,BREAK BULK,MACH,MACHINERY,Packaged,84879000,Other Misc. Cargo,3.1.1.23,ACTIVE,1000,1000
445,C84879090,SHIP SPARE,BREAK BULK,SHPSTOR,MACHINERY,Packaged,84879090,Other Misc. Cargo,3.1.1.37.B,ACTIVE,1000,1000
446,C85015390,MAIN MOTOR,BREAK BULK,MACHWOW,CONSTRUCTION MATERIALS,Packaged,85015390,Other Misc. Cargo,3.1.1.23,ACTIVE,1000,1000
447,C85016410,ELECTRIC MOTORS AND GENERATORS,BREAK BULK,MACHWOW,MACHINERY,Packaged,85016410,Other Misc. Cargo,3.1.1.23,ACTIVE,1000,1000
448,C85016420,ELECTRIC MOTORS AND GENERATORS,BREAK BULK,MACHWOW,MACHINERY,Packaged,85016420,Other Misc. Cargo,3.1.1.23,ACTIVE,1000,1000
449,C85016430,GENERATOR,BREAK BULK,MACHWOW,MACHINERY,Packaged,85016430,Other Misc. Cargo,3.1.1.23,ACTIVE,1000,1000
450,C85016440,AC GENERATOR,BREAK BULK,PROJ,MACHINERY,Packaged,85016440,Other Misc. Cargo,3.1.1.23,ACTIVE,1000,1000
451,C85016450,AC GENERATORS,BREAK BULK,PROJ,GENERAL CARGO,Packaged,85016450,Other Misc. Cargo,3.1.1.23,ACTIVE,1000,1000
452,C85021310,GEN SET,BREAK BULK,MACHWOW,MACHINERY,Packaged,85021310,Other Misc. Cargo,3.1.1.23,ACTIVE,1000,1000
453,C85023100,WIND POWERED-OTHER GENERATING SETS,BREAK BULK,PROJ,MACHINERY,Packaged,85023100,Other Misc. Cargo,3.1.1.23,ACTIVE,1000,1000
454,C85030010,GENERATOR ACCESSORIES,BREAK BULK,PROJ,MACHINERY,Packaged,85030010,Other Misc. Cargo,3.1.1.23,ACTIVE,1000,1000
455,C85030029,GENERATING SETS MACHINES & PARTS,BREAK BULK,ELECTRICAL,MACHINERY,Packaged,85030029,Other Misc. Cargo,3.1.1.23,ACTIVE,1000,1000
456,C85042200,ELECTRICAL TRANSFORMER,BREAK BULK,MACHWOW,MACHINERY,Packaged,85042200,Other Misc. Cargo,3.1.1.23,ACTIVE,1000,1000
457,C85042310,ELECTRICAL TRANSFORMERS,BREAK BULK,MACHWOW,MACHINERY,Packaged,85042310,Other Misc. Cargo,3.1.1.23,ACTIVE,1000,1000
458,C85043400,ELECTRICAL TRANSFORMER,BREAK BULK,MACHWOW,MACHINERY,Packaged,85043400,Other Misc. Cargo,3.1.1.23,ACTIVE,1000,1000
459,C85044040,VOLTAGE REGULATOR AND STABLIZER,BREAK BULK,MACHWW,MACHINERY,Packaged,85044040,Other Misc. Cargo,3.1.1.23,ACTIVE,1000,1000
460,C85044090,TRACTION CONVERTER,BREAK BULK,MACHWOW,MACHINERY,Packaged,85044090,Other Misc. Cargo,3.1.1.23,ACTIVE,1000,1000
461,C85045090,ELECTRICAL TRANSFORMERS,BREAK BULK,ELECTRICAL,MACHINERY,Packaged,85045090,Other Misc. Cargo,3.1.1.23,ACTIVE,1000,1000
462,C85051900,ELECTRIC REVERSE CLUTH,BREAK BULK,MACHWOW,MACHINERY,Packaged,85051900,Other Misc. Cargo,3.1.1.23,ACTIVE,1000,1000
463,C85068090,BATTERY,BREAK BULK,MACHWOW,GENERAL CARGO,Packaged,85068090,Other Misc. Cargo,3.1.1.23,ACTIVE,1000,1000
464,C85076000,LITHIUM ION BATTERY,BREAK BULK,GENL,MACHINERY,Packaged,85076000,Other Misc. Cargo,3.1.1.23,ACTIVE,1000,1000
465,C85141900,ELECTRIC FURNACES AND OVENS,BREAK BULK,MACHWOW,MACHINERY,Packaged,85141900,Other Misc. Cargo,3.1.1.23,ACTIVE,1000,1000
466,C85143900,MACHINERY - FURNACE,BREAK BULK,MACHWOW,MACHINERY,Packaged,85143900,Other Misc. Cargo,3.1.1.23,ACTIVE,1000,1000
467,C85144000,PRESSURE VESSEL,BREAK BULK,MACHWOW,MACHINERY,Packaged,85144000,Other Misc. Cargo,3.1.1.23,ACTIVE,1000,1000
468,C85149000,FURNACE WITH ACCESSORIES,BREAK BULK,MACHWOW,MACHINERY,Packaged,85149000,Other Misc. Cargo,3.1.1.23,ACTIVE,1000,1000
469,C85158090,EB WELDING MACHINE.,BREAK BULK,MACHWOW,MACHINERY,Packaged,85158090,Other Misc. Cargo,3.1.1.23,ACTIVE,1000,1000
470,C85176220,VSAT ANTENNA,BREAK BULK,SHPSPAR,MACHINERY,Packaged,85176220,,3.1.1.37.B,ACTIVE,1000,1000
471,C85232980,DATA CATRIDGE,BREAK BULK,MACHWOW,MACHINERY,Packaged,85232980,Other Misc. Cargo,3.1.1.23,ACTIVE,1000,1000
472,C85238090,"DISCS, TAPES, SOLID-STATE NON-VOLATILE STORAGE DEVICES,",BREAK BULK,MACH,MACHINERY,Packaged,85238090,Other Misc. Cargo,3.1.1.23,ACTIVE,1000,1000
473,C85269190,NAVIGATIONAL AIDS -MATC,BREAK BULK,MACHWOW,GENERAL CARGO,Packaged,85269190,Other Misc. Cargo,3.1.1.22,ACTIVE,1000,1000
474,C85299090,"ANTENNA, SPARE UNIT",BREAK BULK,MACHWOW,MACHINERY,Packaged,85299090,Other Misc. Cargo,3.1.1.23,ACTIVE,1000,1000
475,C85365010,SWITCH GEAR SYSTEM,BREAK BULK,MACHWOW,MACHINERY,Packaged,85365010,Other Misc. Cargo,3.1.1.23,ACTIVE,1000,1000
476,C85365090,ELECTRICAL APPARATUS,BREAK BULK,ELECTRICAL,MACHINERY,Packaged,85365090,Other Misc. Cargo,3.1.1.23,ACTIVE,1000,1000
477,C85371010,DISTR BOX FOR TRANSP ( WIND MILL PARTS MACHINERY),BREAK BULK,MACHWOW,MACHINERY,Packaged,85371010,Other Misc. Cargo,3.1.1.23,ACTIVE,1000,1000
478,C85371090, WIND MILL PARTS ,BREAK BULK,MACHWOW,MACHINERY,Packaged,85371090,Other Misc. Cargo,3.1.1.23,ACTIVE,1000,1000
479,C85372000,GENERATOR PROT PANEL,BREAK BULK,PROJ,MACHINERY,Packaged,85372000,Other Misc. Cargo,3.1.1.23,ACTIVE,1000,1000
480,C85381090,CONTROL UNIT,BREAK BULK,MACHWOW,MACHINERY,Packaged,85381090,Other Misc. Cargo,3.1.1.23,ACTIVE,1000,1000
481,C85399090,SHIP SPARES - TUBE LIGHT COVERS,BREAK BULK,PROJ,GENERAL CARGO,Packaged,85399090,Other Misc. Cargo,3.1.1.37.B,ACTIVE,1000,1000
482,C85407100,MAGNETRO MG5223F,BREAK BULK,MACHWOW,GENERAL CARGO,Packaged,85407100,Other Misc. Cargo,,ACTIVE,1000,1000
483,C85433000,ELECTROLYSER ,BREAK BULK,MACHWOW,MACHINERY,Packaged,85433000,Other Misc. Cargo,3.1.1.23,ACTIVE,1000,1000
484,C85437019,STATCOM 33KV 8MVAR,BREAK BULK,MACHWOW,MACHINERY,Packaged,85437019,Other Misc. Cargo,3.1.1.23,ACTIVE,1000,1000
485,C85446090,ENAMELLED COPPER CONDUCTER,BREAK BULK,MACHWOW,MACHINERY,Packaged,85446090,Other Misc. Cargo,3.1.1.23,ACTIVE,1000,1000
486,C85601200,LM RAIL GRINDER,BREAK BULK,MACHWOW,MACHINERY,Packaged,85601200,Other Misc. Cargo,3.1.1.23,ACTIVE,1000,1000
487,C86012000,RAIL LOCOMOTIVES,BREAK BULK,LOCO,AUTOMOBILES,Packaged,86012000,Other Misc. Cargo,3.1.1.31,ACTIVE,0,1200
488,C86029090,DIESEL HYDRAULIC LOCOMOTIVE,BREAK BULK,LOCO,AUTOMOBILES,Packaged,86029090,Other Misc. Cargo,3.1.1.31,ACTIVE,0,1200
489,C86031000,MACHINERY - BOF CONVERTOR SHOP,BREAK BULK,MACHWOW,MACHINERY,Packaged,86031000,Other Misc. Cargo,3.1.1.23,ACTIVE,1000,1000
490,C86039000,RAILWAY COACH SELF PROPELLED TROLLEY,BREAK BULK,RLCH,AUTOMOBILES,Packaged,86039000,Other Misc. Cargo,3.1.1.30,ACTIVE,1000,1000
491,C86069900,RAILWAY GOODS VANS WAGONS,BREAK BULK,WAGON,AUTOMOBILES,Packaged,86069900,Other Misc. Cargo,3.1.1.30,ACTIVE,0,1000
492,C86079910,PARTS OF RAILWAY RUNNING STOCK,BREAK BULK,MACH,MACHINERY,Packaged,86079910,Other Misc. Cargo,3.1.1.23,ACTIVE,1000,1000
493,C86080010,RAILWAY TRACK,BREAK BULK,MACHWOW,RAILWAY CARGO,Packaged,86080010,Other Misc. Cargo,3.1.1.23,ACTIVE,1000,1000
494,C86090000,CARGO IN CONTAINER FRAME,BREAK BULK,GENL,GENERAL CARGO,Packaged,86090000,Other Misc. Cargo,3.1.1.23,ACTIVE,1000,1000
495,C87012100,TRACTORS,BREAK BULK,TRACTOR,AUTOMOBILES,Packaged,87012100,Other Misc. Cargo,3.1.1.22,ACTIVE,2500,2500
496,C87021028,AC BUS,BREAK BULK,BUS,AUTOMOBILES,Packaged,87021028,Other Misc. Cargo,3.1.1.26.D,ACTIVE,2500,2500
497,C87021029,Bus,BREAK BULK,BUS,AUTOMOBILES,Packaged,87021029,Other Misc. Cargo,3.1.1.26.D,ACTIVE,2500,2500
498,C87031010,ELECTRIC MOTOR CAR,BREAK BULK,ECAR,AUTOMOBILES,Packaged,87031010,Other Misc. Cargo,3.1.1.26.C,ACTIVE,2500,2500
499,C87032191,MOTOR CARS,BREAK BULK,CARS,AUTOMOBILES,Packaged,87032191,Other Misc. Cargo,3.1.1.26.C,ACTIVE,2500,2500
500,C87032291,MOTOR CARS,BREAK BULK,CARS,AUTOMOBILES,Packaged,87032291,Other Misc. Cargo,3.1.1.26.C,ACTIVE,2500,2500
501,C87032391,MOTOR CAR,BREAK BULK,CARS,AUTOMOBILES,Packaged,87032391,Other Misc. Cargo,3.1.1.26.C,ACTIVE,2500,2500
502,C87032410,MOTOR CAR,BREAK BULK,CARS,AUTOMOBILES,Packaged,87032410,Other Misc. Cargo,3.1.1.26.C,ACTIVE,2500,2500
503,C87032491,MOTOR CAR,BREAK BULK,CARS,AUTOMOBILES,Packaged,87032491,Other Misc. Cargo,3.1.1.26.C,ACTIVE,2500,2500
504,C87033191,Motor Cars,BREAK BULK,CARS,MACHINERY,Packaged,87033191,Other Misc. Cargo,3.1.1.26.C,ACTIVE,2500,2500
505,C87033291,MOTOR CAR,BREAK BULK,CARS,AUTOMOBILES,Packaged,87033291,Other Misc. Cargo,3.1.1.26.C,ACTIVE,2500,2500
506,C87033391,JEEP,BREAK BULK,JEEP,AUTOMOBILES,Packaged,87033391,Other Misc. Cargo,3.1.1.26.C,ACTIVE,2500,2500
507,C87038030,ELECTRIC CAR,BREAK BULK,ECAR,AUTOMOBILES,Packaged,87038030,Other Misc. Cargo,3.1.1.26.C,ACTIVE,2500,2500
508,C87039000,CAR,BREAK BULK,CARS,AUTOMOBILES,Packaged,87039000,Other Misc. Cargo,3.1.1.26.C,ACTIVE,2500,2500
509,C87041010,OFF HIGHWAY TRUCK CAT 777,BREAK BULK,TRUCK,AUTOMOBILES,Packaged,87041010,Other Misc. Cargo,3.1.1.22,ACTIVE,2500,2500
510,C87042100,ASHOK LEYLAND TIPPER/ECOMET,BREAK BULK,MACHWW,AUTOMOBILES,Packaged,87042100,Other Misc. Cargo,3.1.1.22,ACTIVE,1000,1000
511,C87042200,STALLION- SIX WHEELER,BREAK BULK,MACHWW,AUTOMOBILES,Packaged,87042200,Other Misc. Cargo,3.1.1.22,ACTIVE,1000,1000
512,C87042290,TIPPER TRUCK(OLD),BREAK BULK,MACHWW,WHEELED MACHINERY,Packaged,87042290,Other Misc. Cargo,3.1.1.22,ACTIVE,1000,1000
513,C87042300,TRUCK EXCEEDING 20 TONNES,BREAK BULK,TRUCK,AUTOMOBILES,Packaged,87042300,Other Misc. Cargo,3.1.1.22,ACTIVE,2500,2500
514,C87042310,LORRIES-TRUCKS,BREAK BULK,TRUCK,AUTOMOBILES,Packaged,87042310,Other Misc. Cargo,3.1.1.26.D,ACTIVE,2500,2500
515,C87043100,VAN,BREAK BULK,TRUCK,AUTOMOBILES,Packaged,87043100,Other Misc. Cargo,3.1.1.26.C,ACTIVE,2500,2500
516,C87049011,Old and used Lorries,BREAK BULK,MACHWW,AUTOMOBILES,Packaged,87049011,Other Misc. Cargo,3.1.1.26.D,ACTIVE,2500,2500
517,C87049019,TRUCK,BREAK BULK,TRUCK,AUTOMOBILES,Packaged,87049019,Other Misc. Cargo,3.1.1.22,ACTIVE,2500,2500
518,C87051000,USED SANY TRUCK CRANE,BREAK BULK,MACHWW,WHEELED MACHINERY,Packaged,87051000,Other Misc. Cargo,3.1.1.22,ACTIVE,2500,2500
519,C87052000,RIG VEHICLE WITH ACCESSORIES,BREAK BULK,MACHWW,MACHINERY,Packaged,87052000,Other Misc. Cargo,3.1.1.22,ACTIVE,1000,1000
520,C87054000,CONCRETE MIXER LORRIES,BREAK BULK,MACHWW,MACHINERY,Packaged,87054000,Other Misc. Cargo,3.1.1.22,ACTIVE,1000,1000
521,C87059000,DRILLING RIG VEHICLE WITH ACCESORIES,BREAK BULK,MACHWW,MACHINERY,Packaged,87059000,Other Misc. Cargo,3.1.1.22,ACTIVE,1000,1000
522,C87059090,TRUCK CHASSIS,BREAK BULK,MACHWW,MACHINERY,Packaged,87059090,Other Misc. Cargo,3.1.1.22,ACTIVE,2500,2500
523,C87060019,TRACTOR,BREAK BULK,MACHWW,WHEELED MACHINERY,Packaged,87060019,Other Misc. Cargo,3.1.1.26.D,ACTIVE,2500,2500
524,C87060029,BUS-CHASSIS FITTED WITH ENGINE,BREAK BULK,BUS,AUTOMOBILES,Packaged,87060029,Other Misc. Cargo,3.1.1.22,ACTIVE,2500,2500
525,C87060042,BHARATH BENZ TANKER,BREAK BULK,MACHWW,AUTOMOBILES,Packaged,87060042,Other Misc. Cargo,3.1.1.22,ACTIVE,1000,1000
526,C87060049,CHASSIS MANUF ELEC VEHICLE,BREAK BULK,MACHWW,MACHINERY,Packaged,87060049,Other Misc. Cargo,3.1.1.22,ACTIVE,1000,1000
527,C87079000,VEHICLE BODIES,BREAK BULK,MVBODIES,MACHINERY,Packaged,87079000,Other Misc. Cargo,3.1.1.22,ACTIVE,1000,1000
528,C87081090,ARMATURE SHAFT,BREAK BULK,MACHWOW,MACHINERY,Packaged,87081090,Other Misc. Cargo,3.1.1.23,ACTIVE,1000,1000
529,C87089900,LARGE MINING TRUCK,BREAK BULK,MACHWW,MACHINERY,Packaged,87089900,Other Misc. Cargo,3.1.1.23,ACTIVE,1000,1000
530,C87091100,BYD ELECTRIC TRACTOR Q1R,BREAK BULK,MACHWOW,MACHINERY,Packaged,87091100,Other Misc. Cargo,3.1.1.23,ACTIVE,1000,1000
531,C87100000,STEEL PROFILE,BREAK BULK,STEELOTH,IRON AND STEEL CARGO,Packaged,87100000,Other Misc. Cargo,3.1.1.23,ACTIVE,2500,2500
532,C871000000,TANKS AND OTHER ARMOURED FIGHTING VEHICLES,BREAK BULK,GENL,MACHINERY,Packaged,87100000D,Other Misc. Cargo,3.1.1.19,ACTIVE,900,900
533,C87119090,Old and used Motor cycle,BREAK BULK,MACHWW,AUTOMOBILES,Packaged,87119090,Other Misc. Cargo,3.1.1.26.A,ACTIVE,2500,2500
534,C87161000,TRAILER VEHICLES,BREAK BULK,MACHWW,MACHINERY,Packaged,87161000,Other Misc. Cargo,3.1.1.23,ACTIVE,1000,1000
535,C87163100,TANKER VEHICLE,BREAK BULK,TRUCK,AUTOMOBILES,Packaged,87163100,Other Misc. Cargo,3.1.1.26.D,ACTIVE,2500,2500
536,C87163900,TRAILER WITH STEERING MECHANISM,BREAK BULK,MACHWOW,MACHINERY,Packaged,87163900,Other Misc. Cargo,3.1.1.23,ACTIVE,1000,1000
537,C87164000,MAFI -TRAILERS & SEMI TRAILERS,BREAK BULK,MAFI,MACHINERY,Packaged,87164000,Other Misc. Cargo,3.1.1.22,ACTIVE,1000,1000
538,C89011010,SHIPS FOR TRANSPORT OF PERSONS,BREAK BULK,SHIPVSL,WATER CRAFT,Packaged,89011010,Other Misc. Cargo,3.1.1.15,ACTIVE,2500,2500
539,C89011090,MACHINERY,BREAK BULK,MACHWOW,MACHINERY,Packaged,89011090,Other Misc. Cargo,3.1.1.23,ACTIVE,1000,1000
540,C89011310,BOATS,BREAK BULK,SHIPVSL,WATER CRAFT,Packaged,89011310,Other Misc. Cargo,3.1.1.15,ACTIVE,2500,2500
541,C89012000,TANKER VESSEL,BREAK BULK,GENL,GENERAL CARGO,Packaged,89012000,Other Misc. Cargo,3.1.1.37 B,ACTIVE,2500,2500
542,C89040000,TUGS AND PUSHER CRAFT,BREAK BULK,BOAT,WATER CRAFT,Packaged,89040000,Other Misc. Cargo,3.1.1.15,ACTIVE,2500,2500
543,C89079000,OPT Power Buoy solar and wind power buoy,BREAK BULK,MACH,MACHINERY,,89079000,,3.1.1.23,ACTIVE,1000,1000
544,C90011000,SPARE OPTICAL FIBRES CABLE,BREAK BULK,CABLE,ELECTRICAL GOODS,Packaged,90011000,Other Misc. Cargo,3.1.1.23,ACTIVE,1000,1000
545,C90158020,SHIP SPARE-NATILUS STREAMER NODE,BREAK BULK,SHPSPAR,GENERAL CARGO,Packaged,90158020,Other Misc. Cargo,3.1.1.37.B,ACTIVE,1000,1000
546,C90158090,SURVEYING - SCIENTIFIC EQUIPMENT,BREAK BULK,GENL,GENERAL CARGO,Packaged,90158090,Other Misc. Cargo,3.1.1.37.B,ACTIVE,1000,1000
547,C90159000,LEGACY COMPASS,BREAK BULK,GENL,MACHINERY,Packaged,90159000,Other Misc. Cargo,3.1.1.37.B,ACTIVE,900,900
548,C90261090,INSTRUMENTS LIQUIDS OR GASES,BREAK BULK,MACHWOW,MACHINERY,Packaged,90261090,Other Misc. Cargo,3.1.1.37.B,ACTIVE,1000,1000
549,C90262000,PRESSURE WARNING DEVICE,BREAK BULK,MACH,MACHINERY,,90262000,Other Misc. Cargo,3.1.1.23,ACTIVE,1000,1000
550,C90278090,PA COLIFORM TEST KIT,BREAK BULK,GENL,MACHINERY,Packaged,90278090,Other Misc. Cargo,3.1.1.37.B,ACTIVE,900,900
551,C90279090,Water Test kit,BREAK BULK,,MACHINERY,Packaged,90279090,Other Misc. Cargo,3.1.1.37.B,ACTIVE,1000,1000
552,C90292090,PICK UP PART,BREAK BULK,GENL,MACHINERY,Packaged,90292090,Other Misc. Cargo,,ACTIVE,900,900
553,C90318000,1000KV HV KIT REACTOR & ACCESSORIES,BREAK BULK,MACHWOW,MACHINERY,Packaged,90318000,Other Misc. Cargo,3.1.1.23,ACTIVE,1000,1000
554,C90319000,LEAK TEST MACHINE,BREAK BULK,MACHWOW,MACHINERY,Packaged,90319000,Other Misc. Cargo,3.1.1.23,ACTIVE,1000,1000
555,C90328990,PROCESS CONTROL INSTRUMENTATION,BREAK BULK,MACHWOW,MACHINERY,Packaged,90328990,Other Misc. Cargo,3.1.1.23,ACTIVE,1000,1000
556,C90330000,Frame for Subsurface float,BREAK BULK,GENL,GENERAL CARGO,Packaged,90330000,Other Misc. Cargo,3.1.1.37.B,ACTIVE,1000,1000
557,C94036000,WOODEN TABLES,BREAK BULK,WOODPRD,GENERAL CARGO,Packaged,94036000,Other Misc. Cargo,3.1.1.36,ACTIVE,900,900
558,C94062000,MODULAR BUILDING UNIT FOR E-ROOM,BREAK BULK,MACHWOW,MACHINERY,Packaged,94062000,Other Misc. Cargo,3.1.1.23,ACTIVE,1000,1000
559,C94069090,PORTO CABIN (PREFABRICATED BUILDING),BREAK BULK,PORTO CABIN,INDUSTRIAL PRODUCTS IN BREAK BULK,Packaged,94069090,Other Misc. Cargo,3.1.1.37.B,ACTIVE,1000,1000
560,C96039000,CLEANER MACHINE RUNWAY,BREAK BULK,MACHWOW,MACHINERY,Packaged,96039000,Other Misc. Cargo,3.1.1.23,ACTIVE,1000,1000
561,C98010011,MACHINERY FOR POWER PLANTS,BREAK BULK,MACHWOW,MACHINERY,Packaged,98010011,Other Misc. Cargo,3.1.1.23,ACTIVE,1000,1000
562,C98010012,SWING CHECK VALVE -IRRIGATION MACHINERY,BREAK BULK,MACHWOW,MACHINERY,Packaged,98010012,Other Misc. Cargo,3.1.1.23,ACTIVE,1000,1000
563,C98010013,MACHINERIES POWER PROJECT,BREAK BULK,MACHWOW,MACHINERY,Packaged,98010013,Other Misc. Cargo,3.1.1.23,ACTIVE,1000,1000
564,C98010019,Driving motor car mock up,BREAK BULK,MACHWOW,MACHINERY,Packaged,98010019,Other Misc. Cargo,3.1.1.23,ACTIVE,1000,1000
565,C9804900,VEHICLE -PERSONAL,BREAK BULK,PERSONAL ARTICLE,GENERAL CARGO,Packaged,98049000,Other Misc. Cargo,3.1.1.26.C,ACTIVE,900,900
